region,nuts_id,level,year,month,path,green_pct,brown_pct,index,country
LI_Liechtenstein 14.04.41,LI,0,2022,7,output/LI_Liechtenstein 14.04.41/2022/LI_Liechtenstein_2022-07-01.png,57.799914542451354,6.103837299031269,51.696077243420085,LI
LI_Liechtenstein 14.04.41,LI,0,2025,7,output/LI_Liechtenstein 14.04.41/2025/LI_Liechtenstein_2025-07-01.png,63.114520270056104,3.9817426859805383,59.13277758407557,LI
LI_Liechtenstein 14.04.41,LI,0,2024,7,output/LI_Liechtenstein 14.04.41/2024/LI_Liechtenstein_2024-07-01.png,63.702005295093805,4.4431917508012315,59.25881354429257,LI
LI_Liechtenstein 14.04.41,LI,0,2023,7,output/LI_Liechtenstein 14.04.41/2023/LI_Liechtenstein_2023-07-01.png,50.93842607836681,7.991185633595907,42.947240444770905,LI
LI_Liechtenstein 14.04.41,LI,0,2026,7,output/LI_Liechtenstein 14.04.41/2026/LI_Liechtenstein_2026-07-01.png,54.41416790179759,10.98253081493305,43.43163708686454,LI
FRI_Nouvelle-Aquitaine,FRI,1,2022,3,output/FRI_Nouvelle-Aquitaine/2022/FRI_Nouvelle-Aquitaine_2022-03-01.png,50.106911897642725,27.21646617064182,22.890445727000905,FR
FRI_Nouvelle-Aquitaine,FRI,1,2022,11,output/FRI_Nouvelle-Aquitaine/2022/FRI_Nouvelle-Aquitaine_2022-11-01.png,41.962453244249375,8.595506117118157,33.36694712713122,FR
FRI_Nouvelle-Aquitaine,FRI,1,2022,1,output/FRI_Nouvelle-Aquitaine/2022/FRI_Nouvelle-Aquitaine_2022-01-01.png,16.021610482933532,31.07541653457325,-15.053806051639718,FR
FRI_Nouvelle-Aquitaine,FRI,1,2022,5,output/FRI_Nouvelle-Aquitaine/2022/FRI_Nouvelle-Aquitaine_2022-05-01.png,75.65526625829816,10.620334665095795,65.03493159320236,FR
FRI_Nouvelle-Aquitaine,FRI,1,2022,9,output/FRI_Nouvelle-Aquitaine/2022/FRI_Nouvelle-Aquitaine_2022-09-01.png,20.504919685696404,43.48750086920242,-22.982581183506017,FR
FRI_Nouvelle-Aquitaine,FRI,1,2022,7,output/FRI_Nouvelle-Aquitaine/2022/FRI_Nouvelle-Aquitaine_2022-07-01.png,50.36376121271122,23.900024337667755,26.463736875043463,FR
FRI_Nouvelle-Aquitaine,FRI,1,2022,2,output/FRI_Nouvelle-Aquitaine/2022/FRI_Nouvelle-Aquitaine_2022-02-01.png,26.90394149291516,34.566295137301786,-7.662353644386627,FR
FRI_Nouvelle-Aquitaine,FRI,1,2022,10,output/FRI_Nouvelle-Aquitaine/2022/FRI_Nouvelle-Aquitaine_2022-10-01.png,41.66068340174576,20.883626626206247,20.77705677553951,FR
FRI_Nouvelle-Aquitaine,FRI,1,2022,12,output/FRI_Nouvelle-Aquitaine/2022/FRI_Nouvelle-Aquitaine_2022-12-01.png,30.04436118467661,10.144114416671817,19.90024676800479,FR
FRI_Nouvelle-Aquitaine,FRI,1,2022,4,output/FRI_Nouvelle-Aquitaine/2022/FRI_Nouvelle-Aquitaine_2022-04-01.png,68.25137000925201,12.63001108207855,55.62135892717346,FR
FRI_Nouvelle-Aquitaine,FRI,1,2022,8,output/FRI_Nouvelle-Aquitaine/2022/FRI_Nouvelle-Aquitaine_2022-08-01.png,21.56468797564688,53.678190911067624,-32.11350293542074,FR
FRI_Nouvelle-Aquitaine,FRI,1,2022,6,output/FRI_Nouvelle-Aquitaine/2022/FRI_Nouvelle-Aquitaine_2022-06-01.png,63.57341985204257,20.38307144317208,43.19034840887049,FR
FRI_Nouvelle-Aquitaine,FRI,1,2025,7,output/FRI_Nouvelle-Aquitaine/2025/FRI_Nouvelle-Aquitaine_2025-07-01.png,35.55515958556428,42.870801752312076,-7.315642166747793,FR
FRI_Nouvelle-Aquitaine,FRI,1,2025,9,output/FRI_Nouvelle-Aquitaine/2025/FRI_Nouvelle-Aquitaine_2025-09-01.png,41.52730212262921,20.88599342871547,20.64130869391374,FR
FRI_Nouvelle-Aquitaine,FRI,1,2025,5,output/FRI_Nouvelle-Aquitaine/2025/FRI_Nouvelle-Aquitaine_2025-05-01.png,78.97781351181034,6.230035420152546,72.74777809165779,FR
FRI_Nouvelle-Aquitaine,FRI,1,2025,1,output/FRI_Nouvelle-Aquitaine/2025/FRI_Nouvelle-Aquitaine_2025-01-01.png,22.517655739432907,18.675116826534556,3.842538912898352,FR
FRI_Nouvelle-Aquitaine,FRI,1,2025,11,output/FRI_Nouvelle-Aquitaine/2025/FRI_Nouvelle-Aquitaine_2025-11-01.png,43.256754113325655,10.844834706253124,32.41191940707253,FR
FRI_Nouvelle-Aquitaine,FRI,1,2025,3,output/FRI_Nouvelle-Aquitaine/2025/FRI_Nouvelle-Aquitaine_2025-03-01.png,47.701400477018375,21.49815220904937,26.203248267969006,FR
FRI_Nouvelle-Aquitaine,FRI,1,2025,6,output/FRI_Nouvelle-Aquitaine/2025/FRI_Nouvelle-Aquitaine_2025-06-01.png,50.25641471385856,24.448056463389193,25.808358250469368,FR
FRI_Nouvelle-Aquitaine,FRI,1,2025,8,output/FRI_Nouvelle-Aquitaine/2025/FRI_Nouvelle-Aquitaine_2025-08-01.png,26.273816146304153,47.95215909881093,-21.678342952506778,FR
FRI_Nouvelle-Aquitaine,FRI,1,2025,4,output/FRI_Nouvelle-Aquitaine/2025/FRI_Nouvelle-Aquitaine_2025-04-01.png,70.81870175926569,11.064077602392045,59.754624156873646,FR
FRI_Nouvelle-Aquitaine,FRI,1,2025,12,output/FRI_Nouvelle-Aquitaine/2025/FRI_Nouvelle-Aquitaine_2025-12-01.png,36.84893217452068,12.764991046862034,24.08394112765864,FR
FRI_Nouvelle-Aquitaine,FRI,1,2025,10,output/FRI_Nouvelle-Aquitaine/2025/FRI_Nouvelle-Aquitaine_2025-10-01.png,38.06311009030642,15.857997946790555,22.205112143515862,FR
FRI_Nouvelle-Aquitaine,FRI,1,2025,2,output/FRI_Nouvelle-Aquitaine/2025/FRI_Nouvelle-Aquitaine_2025-02-01.png,31.8291350091516,25.67188549306717,6.1572495160844305,FR
FRI_Nouvelle-Aquitaine,FRI,1,2024,1,output/FRI_Nouvelle-Aquitaine/2024/FRI_Nouvelle-Aquitaine_2024-01-01.png,27.389887178307806,19.854141144315353,7.535746033992453,FR
FRI_Nouvelle-Aquitaine,FRI,1,2024,3,output/FRI_Nouvelle-Aquitaine/2024/FRI_Nouvelle-Aquitaine_2024-03-01.png,53.651538518996965,13.754619072099267,39.8969194468977,FR
FRI_Nouvelle-Aquitaine,FRI,1,2024,11,output/FRI_Nouvelle-Aquitaine/2024/FRI_Nouvelle-Aquitaine_2024-11-01.png,36.56955636234836,12.717169928274153,23.852386434074205,FR
FRI_Nouvelle-Aquitaine,FRI,1,2024,7,output/FRI_Nouvelle-Aquitaine/2024/FRI_Nouvelle-Aquitaine_2024-07-01.png,67.98185256541156,12.315662372484086,55.66619019292747,FR
FRI_Nouvelle-Aquitaine,FRI,1,2024,5,output/FRI_Nouvelle-Aquitaine/2024/FRI_Nouvelle-Aquitaine_2024-05-01.png,80.0055694792537,4.942180011432089,75.06338946782161,FR
FRI_Nouvelle-Aquitaine,FRI,1,2024,9,output/FRI_Nouvelle-Aquitaine/2024/FRI_Nouvelle-Aquitaine_2024-09-01.png,49.37549766806961,13.539756569218518,35.835741098851095,FR
FRI_Nouvelle-Aquitaine,FRI,1,2024,12,output/FRI_Nouvelle-Aquitaine/2024/FRI_Nouvelle-Aquitaine_2024-12-01.png,28.426031041934227,15.73355307855161,12.692477963382617,FR
FRI_Nouvelle-Aquitaine,FRI,1,2024,2,output/FRI_Nouvelle-Aquitaine/2024/FRI_Nouvelle-Aquitaine_2024-02-01.png,40.08941218130312,17.99442280453258,22.09498937677054,FR
FRI_Nouvelle-Aquitaine,FRI,1,2024,10,output/FRI_Nouvelle-Aquitaine/2024/FRI_Nouvelle-Aquitaine_2024-10-01.png,40.494097983913086,9.9407186879766,30.553379295936487,FR
FRI_Nouvelle-Aquitaine,FRI,1,2024,6,output/FRI_Nouvelle-Aquitaine/2024/FRI_Nouvelle-Aquitaine_2024-06-01.png,74.93240870786516,8.143872893258427,66.78853581460673,FR
FRI_Nouvelle-Aquitaine,FRI,1,2024,4,output/FRI_Nouvelle-Aquitaine/2024/FRI_Nouvelle-Aquitaine_2024-04-01.png,73.85272052367581,8.32195978545287,65.53076073822294,FR
FRI_Nouvelle-Aquitaine,FRI,1,2024,8,output/FRI_Nouvelle-Aquitaine/2024/FRI_Nouvelle-Aquitaine_2024-08-01.png,40.91553090883805,23.89133231346916,17.02419859536889,FR
FRI_Nouvelle-Aquitaine,FRI,1,2023,9,output/FRI_Nouvelle-Aquitaine/2023/FRI_Nouvelle-Aquitaine_2023-09-01.png,32.24349836589945,30.993585286141435,1.249913079758013,FR
FRI_Nouvelle-Aquitaine,FRI,1,2023,5,output/FRI_Nouvelle-Aquitaine/2023/FRI_Nouvelle-Aquitaine_2023-05-01.png,81.12357400392298,6.485536713826562,74.63803729009642,FR
FRI_Nouvelle-Aquitaine,FRI,1,2023,7,output/FRI_Nouvelle-Aquitaine/2023/FRI_Nouvelle-Aquitaine_2023-07-01.png,54.685210070146596,20.429490273845712,34.25571979630088,FR
FRI_Nouvelle-Aquitaine,FRI,1,2023,11,output/FRI_Nouvelle-Aquitaine/2023/FRI_Nouvelle-Aquitaine_2023-11-01.png,30.98964178434472,12.313812386878638,18.67582939746608,FR
FRI_Nouvelle-Aquitaine,FRI,1,2023,3,output/FRI_Nouvelle-Aquitaine/2023/FRI_Nouvelle-Aquitaine_2023-03-01.png,44.97680580231543,27.07451828287617,17.902287519439263,FR
FRI_Nouvelle-Aquitaine,FRI,1,2023,1,output/FRI_Nouvelle-Aquitaine/2023/FRI_Nouvelle-Aquitaine_2023-01-01.png,39.87099757253497,7.614379840480869,32.256617732054096,FR
FRI_Nouvelle-Aquitaine,FRI,1,2023,8,output/FRI_Nouvelle-Aquitaine/2023/FRI_Nouvelle-Aquitaine_2023-08-01.png,48.280923442271714,23.868152282973977,24.412771159297737,FR
FRI_Nouvelle-Aquitaine,FRI,1,2023,4,output/FRI_Nouvelle-Aquitaine/2023/FRI_Nouvelle-Aquitaine_2023-04-01.png,68.56844714015521,17.052979412595928,51.51546772755928,FR
FRI_Nouvelle-Aquitaine,FRI,1,2023,6,output/FRI_Nouvelle-Aquitaine/2023/FRI_Nouvelle-Aquitaine_2023-06-01.png,65.36365697147241,15.999250191811397,49.36440677966101,FR
FRI_Nouvelle-Aquitaine,FRI,1,2023,10,output/FRI_Nouvelle-Aquitaine/2023/FRI_Nouvelle-Aquitaine_2023-10-01.png,32.9486778281959,26.260453067681983,6.688224760513915,FR
FRI_Nouvelle-Aquitaine,FRI,1,2023,2,output/FRI_Nouvelle-Aquitaine/2023/FRI_Nouvelle-Aquitaine_2023-02-01.png,35.968465336207494,26.108233085320908,9.860232250886586,FR
FRI_Nouvelle-Aquitaine,FRI,1,2023,12,output/FRI_Nouvelle-Aquitaine/2023/FRI_Nouvelle-Aquitaine_2023-12-01.png,23.913245488505215,16.835634768710392,7.077610719794823,FR
FRI_Nouvelle-Aquitaine,FRI,1,2026,2,output/FRI_Nouvelle-Aquitaine/2026/FRI_Nouvelle-Aquitaine_2026-02-01.png,39.53823410325703,14.983851376164067,24.554382727092964,FR
FRI_Nouvelle-Aquitaine,FRI,1,2026,6,output/FRI_Nouvelle-Aquitaine/2026/FRI_Nouvelle-Aquitaine_2026-06-01.png,38.26576733189625,40.965510047979976,-2.699742716083726,FR
FRI_Nouvelle-Aquitaine,FRI,1,2026,4,output/FRI_Nouvelle-Aquitaine/2026/FRI_Nouvelle-Aquitaine_2026-04-01.png,70.01555872331548,11.940233641610458,58.07532508170502,FR
FRI_Nouvelle-Aquitaine,FRI,1,2026,1,output/FRI_Nouvelle-Aquitaine/2026/FRI_Nouvelle-Aquitaine_2026-01-01.png,36.921399637214634,16.17637383809998,20.745025799114654,FR
FRI_Nouvelle-Aquitaine,FRI,1,2026,3,output/FRI_Nouvelle-Aquitaine/2026/FRI_Nouvelle-Aquitaine_2026-03-01.png,58.25829219108546,13.75773590153675,44.50055628954871,FR
FRI_Nouvelle-Aquitaine,FRI,1,2026,7,output/FRI_Nouvelle-Aquitaine/2026/FRI_Nouvelle-Aquitaine_2026-07-01.png,25.50935261803769,55.69153744524025,-30.182184827202562,FR
FRI_Nouvelle-Aquitaine,FRI,1,2026,5,output/FRI_Nouvelle-Aquitaine/2026/FRI_Nouvelle-Aquitaine_2026-05-01.png,72.326767957722,6.812373965649121,65.51439399207288,FR
FRI_Nouvelle-Aquitaine,FRI,1,2021,8,output/FRI_Nouvelle-Aquitaine/2021/FRI_Nouvelle-Aquitaine_2021-08-01.png,52.57828522724246,14.863761064696847,37.714524162545615,FR
FRI_Nouvelle-Aquitaine,FRI,1,2021,4,output/FRI_Nouvelle-Aquitaine/2021/FRI_Nouvelle-Aquitaine_2021-04-01.png,55.95252065594861,26.689093746061136,29.263426909887475,FR
FRI_Nouvelle-Aquitaine,FRI,1,2021,6,output/FRI_Nouvelle-Aquitaine/2021/FRI_Nouvelle-Aquitaine_2021-06-01.png,80.39339731423777,5.230192167050283,75.1632051471875,FR
FRI_Nouvelle-Aquitaine,FRI,1,2021,10,output/FRI_Nouvelle-Aquitaine/2021/FRI_Nouvelle-Aquitaine_2021-10-01.png,41.36010711832576,19.979915313921033,21.380191804404724,FR
FRI_Nouvelle-Aquitaine,FRI,1,2021,2,output/FRI_Nouvelle-Aquitaine/2021/FRI_Nouvelle-Aquitaine_2021-02-01.png,44.5044833392067,26.123445188404663,18.381038150802038,FR
FRI_Nouvelle-Aquitaine,FRI,1,2021,12,output/FRI_Nouvelle-Aquitaine/2021/FRI_Nouvelle-Aquitaine_2021-12-01.png,9.386940025294548,28.720850251836072,-19.333910226541526,FR
FRI_Nouvelle-Aquitaine,FRI,1,2021,9,output/FRI_Nouvelle-Aquitaine/2021/FRI_Nouvelle-Aquitaine_2021-09-01.png,42.42487470060726,19.989219687979517,22.435655012627745,FR
FRI_Nouvelle-Aquitaine,FRI,1,2021,5,output/FRI_Nouvelle-Aquitaine/2021/FRI_Nouvelle-Aquitaine_2021-05-01.png,74.33084532413515,11.24819754471623,63.08264777941892,FR
FRI_Nouvelle-Aquitaine,FRI,1,2021,7,output/FRI_Nouvelle-Aquitaine/2021/FRI_Nouvelle-Aquitaine_2021-07-01.png,70.27589728816666,8.704229901312488,61.57166738685417,FR
FRI_Nouvelle-Aquitaine,FRI,1,2021,11,output/FRI_Nouvelle-Aquitaine/2021/FRI_Nouvelle-Aquitaine_2021-11-01.png,28.322114515695326,22.340655320011813,5.981459195683513,FR
FRI_Nouvelle-Aquitaine,FRI,1,2021,3,output/FRI_Nouvelle-Aquitaine/2021/FRI_Nouvelle-Aquitaine_2021-03-01.png,52.04001807941033,26.541965092830818,25.498052986579513,FR
FRI_Nouvelle-Aquitaine,FRI,1,2021,1,output/FRI_Nouvelle-Aquitaine/2021/FRI_Nouvelle-Aquitaine_2021-01-01.png,26.822443425822957,20.945328957480086,5.877114468342871,FR
FRI_Nouvelle-Aquitaine,FRI,1,2020,2,output/FRI_Nouvelle-Aquitaine/2020/FRI_Nouvelle-Aquitaine_2020-02-01.png,37.33033397711945,21.274965383426167,16.055368593693284,FR
FRI_Nouvelle-Aquitaine,FRI,1,2020,10,output/FRI_Nouvelle-Aquitaine/2020/FRI_Nouvelle-Aquitaine_2020-10-01.png,47.85102435755754,11.922751888948339,35.9282724686092,FR
FRI_Nouvelle-Aquitaine,FRI,1,2020,12,output/FRI_Nouvelle-Aquitaine/2020/FRI_Nouvelle-Aquitaine_2020-12-01.png,29.683883445892388,14.340446220023885,15.343437225868502,FR
FRI_Nouvelle-Aquitaine,FRI,1,2020,4,output/FRI_Nouvelle-Aquitaine/2020/FRI_Nouvelle-Aquitaine_2020-04-01.png,63.53427149939714,19.595715137612682,43.938556361784464,FR
FRI_Nouvelle-Aquitaine,FRI,1,2020,8,output/FRI_Nouvelle-Aquitaine/2020/FRI_Nouvelle-Aquitaine_2020-08-01.png,33.347219420643206,41.433745823211105,-8.086526402567898,FR
FRI_Nouvelle-Aquitaine,FRI,1,2020,6,output/FRI_Nouvelle-Aquitaine/2020/FRI_Nouvelle-Aquitaine_2020-06-01.png,73.62388221085722,10.856779110477461,62.76710310037976,FR
FRI_Nouvelle-Aquitaine,FRI,1,2020,3,output/FRI_Nouvelle-Aquitaine/2020/FRI_Nouvelle-Aquitaine_2020-03-01.png,57.21523836055298,20.95796914719504,36.257269213357944,FR
FRI_Nouvelle-Aquitaine,FRI,1,2020,11,output/FRI_Nouvelle-Aquitaine/2020/FRI_Nouvelle-Aquitaine_2020-11-01.png,39.4703213018986,14.804576117949788,24.665745183948815,FR
FRI_Nouvelle-Aquitaine,FRI,1,2020,1,output/FRI_Nouvelle-Aquitaine/2020/FRI_Nouvelle-Aquitaine_2020-01-01.png,24.9546835674139,24.430012736417023,0.5246708309968753,FR
FRI_Nouvelle-Aquitaine,FRI,1,2020,5,output/FRI_Nouvelle-Aquitaine/2020/FRI_Nouvelle-Aquitaine_2020-05-01.png,67.08634656838885,9.973228565468327,57.11311800292052,FR
FRI_Nouvelle-Aquitaine,FRI,1,2020,9,output/FRI_Nouvelle-Aquitaine/2020/FRI_Nouvelle-Aquitaine_2020-09-01.png,32.06962337543275,33.44523947769372,-1.3756161022609703,FR
FRI_Nouvelle-Aquitaine,FRI,1,2020,7,output/FRI_Nouvelle-Aquitaine/2020/FRI_Nouvelle-Aquitaine_2020-07-01.png,50.196874348098184,24.331583339128017,25.865291008970168,FR
MK_Северна Македонија 14.04.42,MK,0,2022,7,output/MK_Северна Македонија 14.04.42/2022/MK_Северна Македонија_2022-07-01.png,56.46717872734188,23.406338879711157,33.060839847630724,MK
MK_Северна Македонија 14.04.42,MK,0,2025,7,output/MK_Северна Македонија 14.04.42/2025/MK_Северна Македонија_2025-07-01.png,46.892456514828105,37.54882147236478,9.343635042463326,MK
MK_Северна Македонија 14.04.42,MK,0,2024,7,output/MK_Северна Македонија 14.04.42/2024/MK_Северна Македонија_2024-07-01.png,49.81140334670233,32.19388929788607,17.61751404881626,MK
MK_Северна Македонија 14.04.42,MK,0,2023,7,output/MK_Северна Македонија 14.04.42/2023/MK_Северна Македонија_2023-07-01.png,63.591103138198825,17.745753667287342,45.845349470911486,MK
MK_Северна Македонија 14.04.42,MK,0,2026,7,output/MK_Северна Македонија 14.04.42/2026/MK_Северна Македонија_2026-07-01.png,58.351886129900855,26.873548119272446,31.47833801062841,MK
AL_Shqipëria,AL,0,2022,7,output/AL_Shqipëria/2022/AL_Shqipëria_2022-07-01.png,55.99217288569459,29.679654425519345,26.312518460175248,AL
AL_Shqipëria,AL,0,2025,7,output/AL_Shqipëria/2025/AL_Shqipëria_2025-07-01.png,49.05053165304716,37.21386728364675,11.83666436940041,AL
AL_Shqipëria,AL,0,2024,7,output/AL_Shqipëria/2024/AL_Shqipëria_2024-07-01.png,58.31075756083145,27.875332479558665,30.435425081272783,AL
AL_Shqipëria,AL,0,2023,7,output/AL_Shqipëria/2023/AL_Shqipëria_2023-07-01.png,67.33471989760756,18.57832037018805,48.756399527419504,AL
AL_Shqipëria,AL,0,2026,7,output/AL_Shqipëria/2026/AL_Shqipëria_2026-07-01.png,63.68208821990335,22.667528549881492,41.01455967002185,AL
CH_Schweiz - Suisse - Svizzera,CH,0,2022,7,output/CH_Schweiz - Suisse - Svizzera/2022/CH_Schweiz - Suisse - Svizzera_2022-07-01.png,57.62017615884153,11.306635813988207,46.31354034485332,CH
CH_Schweiz - Suisse - Svizzera,CH,0,2025,7,output/CH_Schweiz - Suisse - Svizzera/2025/CH_Schweiz - Suisse - Svizzera_2025-07-01.png,64.51376971284616,6.4754219827812864,58.03834773006487,CH
CH_Schweiz - Suisse - Svizzera,CH,0,2024,7,output/CH_Schweiz - Suisse - Svizzera/2024/CH_Schweiz - Suisse - Svizzera_2024-07-01.png,68.02812217946891,6.498028597216284,61.530093582252626,CH
CH_Schweiz - Suisse - Svizzera,CH,0,2023,7,output/CH_Schweiz - Suisse - Svizzera/2023/CH_Schweiz - Suisse - Svizzera_2023-07-01.png,63.62626511972353,8.551544727797506,55.07472039192602,CH
CH_Schweiz - Suisse - Svizzera,CH,0,2026,7,output/CH_Schweiz - Suisse - Svizzera/2026/CH_Schweiz - Suisse - Svizzera_2026-07-01.png,48.72301900073632,20.62110132954214,28.101917671194183,CH
CZ_Česko,CZ,0,2022,7,output/CZ_Česko/2022/CZ_Česko_2022-07-01.png,42.512575957851276,26.424224307446554,16.08835165040472,CZ
CZ_Česko,CZ,0,2025,7,output/CZ_Česko/2025/CZ_Česko_2025-07-01.png,53.85220973115836,19.312361467124656,34.53984826403371,CZ
CZ_Česko,CZ,0,2024,7,output/CZ_Česko/2024/CZ_Česko_2024-07-01.png,47.59671691855072,23.14553682691677,24.451180091633947,CZ
CZ_Česko,CZ,0,2023,7,output/CZ_Česko/2023/CZ_Česko_2023-07-01.png,42.31841876222474,31.66874116777255,10.64967759445219,CZ
CZ_Česko,CZ,0,2026,7,output/CZ_Česko/2026/CZ_Česko_2026-07-01.png,39.574131452304044,30.78600152566795,8.788129926636095,CZ
EE_Eesti,EE,0,2022,7,output/EE_Eesti/2022/EE_Eesti_2022-07-01.png,48.02916830902641,2.4079520532023486,45.62121625582406,EE
EE_Eesti,EE,0,2025,7,output/EE_Eesti/2025/EE_Eesti_2025-07-01.png,57.10214352848437,1.139475891620936,55.962667636863436,EE
EE_Eesti,EE,0,2024,7,output/EE_Eesti/2024/EE_Eesti_2024-07-01.png,48.72335106952826,3.3981053050438472,45.325245764484414,EE
EE_Eesti,EE,0,2023,7,output/EE_Eesti/2023/EE_Eesti_2023-07-01.png,57.93374195836077,3.7110582037384123,54.22268375462236,EE
EE_Eesti,EE,0,2026,7,output/EE_Eesti/2026/EE_Eesti_2026-07-01.png,48.1604167193466,1.2071712139985333,46.953245505348065,EE
FRF_Grand Est,FRF,1,2022,10,output/FRF_Grand Est/2022/FRF_Grand Est_2022-10-01.png,41.145876588323226,22.56630124851203,18.579575339811196,FR
FRF_Grand Est,FRF,1,2022,2,output/FRF_Grand Est/2022/FRF_Grand Est_2022-02-01.png,15.868931972134819,42.35665507907501,-26.487723106940194,FR
FRF_Grand Est,FRF,1,2022,12,output/FRF_Grand Est/2022/FRF_Grand Est_2022-12-01.png,17.975282882593692,10.76960115560549,7.205681726988203,FR
FRF_Grand Est,FRF,1,2022,8,output/FRF_Grand Est/2022/FRF_Grand Est_2022-08-01.png,14.781669914514826,55.193614753152225,-40.411944838637396,FR
FRF_Grand Est,FRF,1,2022,4,output/FRF_Grand Est/2022/FRF_Grand Est_2022-04-01.png,65.80898578868391,18.879390536200493,46.92959525248342,FR
FRF_Grand Est,FRF,1,2022,6,output/FRF_Grand Est/2022/FRF_Grand Est_2022-06-01.png,54.02472891218588,14.22693292231645,39.79779598986943,FR
FRF_Grand Est,FRF,1,2022,11,output/FRF_Grand Est/2022/FRF_Grand Est_2022-11-01.png,53.17176537502471,8.437232304805768,44.734533070218944,FR
FRF_Grand Est,FRF,1,2022,3,output/FRF_Grand Est/2022/FRF_Grand Est_2022-03-01.png,21.034513196222086,56.0511824656939,-35.01666926947181,FR
FRF_Grand Est,FRF,1,2022,1,output/FRF_Grand Est/2022/FRF_Grand Est_2022-01-01.png,14.793801107528198,34.235410969155204,-19.441609861627008,FR
FRF_Grand Est,FRF,1,2022,9,output/FRF_Grand Est/2022/FRF_Grand Est_2022-09-01.png,29.302228484943374,41.134944244385295,-11.832715759441921,FR
FRF_Grand Est,FRF,1,2022,5,output/FRF_Grand Est/2022/FRF_Grand Est_2022-05-01.png,76.41122384812795,11.130712622580262,65.28051122554768,FR
FRF_Grand Est,FRF,1,2022,7,output/FRF_Grand Est/2022/FRF_Grand Est_2022-07-01.png,25.163552908984123,43.33176032836196,-18.168207419377836,FR
FRF_Grand Est,FRF,1,2025,6,output/FRF_Grand Est/2025/FRF_Grand Est_2025-06-01.png,50.12052119475546,18.69097007679407,31.429551117961392,FR
FRF_Grand Est,FRF,1,2025,4,output/FRF_Grand Est/2025/FRF_Grand Est_2025-04-01.png,56.4562015793369,21.721993250813092,34.734208328523806,FR
FRF_Grand Est,FRF,1,2025,8,output/FRF_Grand Est/2025/FRF_Grand Est_2025-08-01.png,35.31237056702676,32.404584558349235,2.907786008677526,FR
FRF_Grand Est,FRF,1,2025,12,output/FRF_Grand Est/2025/FRF_Grand Est_2025-12-01.png,29.535493083810753,23.44125253229206,6.094240551518691,FR
FRF_Grand Est,FRF,1,2025,2,output/FRF_Grand Est/2025/FRF_Grand Est_2025-02-01.png,15.506924884342027,46.83418222150873,-31.327257337166706,FR
FRF_Grand Est,FRF,1,2025,10,output/FRF_Grand Est/2025/FRF_Grand Est_2025-10-01.png,43.23565039454144,20.188681827825267,23.04696856671617,FR
FRF_Grand Est,FRF,1,2025,7,output/FRF_Grand Est/2025/FRF_Grand Est_2025-07-01.png,32.32208695179831,38.319968494741204,-5.997881542942892,FR
FRF_Grand Est,FRF,1,2025,5,output/FRF_Grand Est/2025/FRF_Grand Est_2025-05-01.png,68.2669391690488,10.592624781873612,57.67431438717519,FR
FRF_Grand Est,FRF,1,2025,9,output/FRF_Grand Est/2025/FRF_Grand Est_2025-09-01.png,47.941103577988194,21.47981164552149,26.461291932466704,FR
FRF_Grand Est,FRF,1,2025,1,output/FRF_Grand Est/2025/FRF_Grand Est_2025-01-01.png,22.759553010958147,32.66170866067468,-9.90215564971653,FR
FRF_Grand Est,FRF,1,2025,3,output/FRF_Grand Est/2025/FRF_Grand Est_2025-03-01.png,22.994425470372157,49.63436245985456,-26.6399369894824,FR
FRF_Grand Est,FRF,1,2025,11,output/FRF_Grand Est/2025/FRF_Grand Est_2025-11-01.png,38.47186125125278,26.876964106745486,11.594897144507296,FR
FRF_Grand Est,FRF,1,2024,12,output/FRF_Grand Est/2024/FRF_Grand Est_2024-12-01.png,23.691013606720734,20.714343973077344,2.9766696336433895,FR
FRF_Grand Est,FRF,1,2024,10,output/FRF_Grand Est/2024/FRF_Grand Est_2024-10-01.png,41.13826777650835,17.61295631358468,23.52531146292367,FR
FRF_Grand Est,FRF,1,2024,2,output/FRF_Grand Est/2024/FRF_Grand Est_2024-02-01.png,22.925702961411904,26.79759946156147,-3.8718965001495675,FR
FRF_Grand Est,FRF,1,2024,6,output/FRF_Grand Est/2024/FRF_Grand Est_2024-06-01.png,67.66763619212325,9.023080630111798,58.644555562011455,FR
FRF_Grand Est,FRF,1,2024,8,output/FRF_Grand Est/2024/FRF_Grand Est_2024-08-01.png,43.879220788038864,24.449846208165564,19.4293745798733,FR
FRF_Grand Est,FRF,1,2024,4,output/FRF_Grand Est/2024/FRF_Grand Est_2024-04-01.png,67.96289445198066,9.416491963661775,58.54640248831888,FR
FRF_Grand Est,FRF,1,2024,1,output/FRF_Grand Est/2024/FRF_Grand Est_2024-01-01.png,16.131025538300662,32.04849628910361,-15.917470750802948,FR
FRF_Grand Est,FRF,1,2024,11,output/FRF_Grand Est/2024/FRF_Grand Est_2024-11-01.png,33.631804217104744,20.330156062635123,13.301648154469621,FR
FRF_Grand Est,FRF,1,2024,3,output/FRF_Grand Est/2024/FRF_Grand Est_2024-03-01.png,43.54610026942276,24.840364427916477,18.705735841506282,FR
FRF_Grand Est,FRF,1,2024,7,output/FRF_Grand Est/2024/FRF_Grand Est_2024-07-01.png,57.52604024276888,24.866723166930942,32.65931707583793,FR
FRF_Grand Est,FRF,1,2024,9,output/FRF_Grand Est/2024/FRF_Grand Est_2024-09-01.png,49.186122731937004,18.613645957382552,30.572476774554453,FR
FRF_Grand Est,FRF,1,2024,5,output/FRF_Grand Est/2024/FRF_Grand Est_2024-05-01.png,80.15958867064212,7.691544059755037,72.46804461088709,FR
FRF_Grand Est,FRF,1,2023,4,output/FRF_Grand Est/2023/FRF_Grand Est_2023-04-01.png,54.189665193460684,16.202405239568257,37.987259953892426,FR
FRF_Grand Est,FRF,1,2023,8,output/FRF_Grand Est/2023/FRF_Grand Est_2023-08-01.png,49.805254461681415,20.670623290518424,29.13463117116299,FR
FRF_Grand Est,FRF,1,2023,6,output/FRF_Grand Est/2023/FRF_Grand Est_2023-06-01.png,49.513501768775846,21.323424567311935,28.19007720146391,FR
FRF_Grand Est,FRF,1,2023,2,output/FRF_Grand Est/2023/FRF_Grand Est_2023-02-01.png,37.10253467954942,23.92939834461593,13.173136334933492,FR
FRF_Grand Est,FRF,1,2023,10,output/FRF_Grand Est/2023/FRF_Grand Est_2023-10-01.png,38.17257050194523,26.858532796435213,11.314037705510017,FR
FRF_Grand Est,FRF,1,2023,12,output/FRF_Grand Est/2023/FRF_Grand Est_2023-12-01.png,20.980525198862406,17.428431188554764,3.5520940103076413,FR
FRF_Grand Est,FRF,1,2023,5,output/FRF_Grand Est/2023/FRF_Grand Est_2023-05-01.png,77.61523393073573,9.202418580017858,68.41281535071786,FR
FRF_Grand Est,FRF,1,2023,9,output/FRF_Grand Est/2023/FRF_Grand Est_2023-09-01.png,37.16228603244227,24.634192711692933,12.528093320749335,FR
FRF_Grand Est,FRF,1,2023,7,output/FRF_Grand Est/2023/FRF_Grand Est_2023-07-01.png,33.238146292516305,44.717978323470994,-11.47983203095469,FR
FRF_Grand Est,FRF,1,2023,3,output/FRF_Grand Est/2023/FRF_Grand Est_2023-03-01.png,37.94763034209799,32.17918309736187,5.768447244736116,FR
FRF_Grand Est,FRF,1,2023,11,output/FRF_Grand Est/2023/FRF_Grand Est_2023-11-01.png,37.601928978518195,12.699317342017912,24.902611636500282,FR
FRF_Grand Est,FRF,1,2023,1,output/FRF_Grand Est/2023/FRF_Grand Est_2023-01-01.png,30.423229718427656,12.28481321438528,18.138416504042375,FR
FRF_Grand Est,FRF,1,2026,1,output/FRF_Grand Est/2026/FRF_Grand Est_2026-01-01.png,12.170304889049252,16.751057389700723,-4.580752500651471,FR
FRF_Grand Est,FRF,1,2026,3,output/FRF_Grand Est/2026/FRF_Grand Est_2026-03-01.png,44.06865973641506,31.560936195061007,12.50772354135405,FR
FRF_Grand Est,FRF,1,2026,7,output/FRF_Grand Est/2026/FRF_Grand Est_2026-07-01.png,18.51496005785076,55.79712851085211,-37.28216845300135,FR
FRF_Grand Est,FRF,1,2026,5,output/FRF_Grand Est/2026/FRF_Grand Est_2026-05-01.png,61.69972229200758,9.509971007013995,52.189751284993584,FR
FRF_Grand Est,FRF,1,2026,2,output/FRF_Grand Est/2026/FRF_Grand Est_2026-02-01.png,28.781022847688273,26.06123700990872,2.719785837779554,FR
FRF_Grand Est,FRF,1,2026,6,output/FRF_Grand Est/2026/FRF_Grand Est_2026-06-01.png,32.828615466094504,32.4972670545978,0.33134841149670535,FR
FRF_Grand Est,FRF,1,2026,4,output/FRF_Grand Est/2026/FRF_Grand Est_2026-04-01.png,67.4141244050327,13.531304955967327,53.882819449065366,FR
FRF_Grand Est,FRF,1,2021,5,output/FRF_Grand Est/2021/FRF_Grand Est_2021-05-01.png,76.19452172126724,10.225029334243246,65.96949238702399,FR
FRF_Grand Est,FRF,1,2021,9,output/FRF_Grand Est/2021/FRF_Grand Est_2021-09-01.png,40.704063682240836,22.8464114215077,17.857652260733136,FR
FRF_Grand Est,FRF,1,2021,7,output/FRF_Grand Est/2021/FRF_Grand Est_2021-07-01.png,51.108465139129606,21.848260709363103,29.260204429766503,FR
FRF_Grand Est,FRF,1,2021,3,output/FRF_Grand Est/2021/FRF_Grand Est_2021-03-01.png,27.316892658052513,49.92565030520719,-22.60875764715468,FR
FRF_Grand Est,FRF,1,2021,11,output/FRF_Grand Est/2021/FRF_Grand Est_2021-11-01.png,25.719959914855643,24.826821935644325,0.8931379792113177,FR
FRF_Grand Est,FRF,1,2021,1,output/FRF_Grand Est/2021/FRF_Grand Est_2021-01-01.png,20.917673248959062,24.658632330644533,-3.740959081685471,FR
FRF_Grand Est,FRF,1,2021,4,output/FRF_Grand Est/2021/FRF_Grand Est_2021-04-01.png,50.759113778797776,29.73376698330357,21.025346795494205,FR
FRF_Grand Est,FRF,1,2021,8,output/FRF_Grand Est/2021/FRF_Grand Est_2021-08-01.png,52.922659223371575,23.73519969802016,29.187459525351414,FR
FRF_Grand Est,FRF,1,2021,6,output/FRF_Grand Est/2021/FRF_Grand Est_2021-06-01.png,65.72139573728417,7.174236303020838,58.54715943426333,FR
FRF_Grand Est,FRF,1,2021,2,output/FRF_Grand Est/2021/FRF_Grand Est_2021-02-01.png,19.229750741799467,54.40971774275685,-35.179967000957376,FR
FRF_Grand Est,FRF,1,2021,10,output/FRF_Grand Est/2021/FRF_Grand Est_2021-10-01.png,38.644526979772806,21.725048717722387,16.91947826205042,FR
FRF_Grand Est,FRF,1,2021,12,output/FRF_Grand Est/2021/FRF_Grand Est_2021-12-01.png,16.481401738454444,30.478589420654913,-13.997187682200469,FR
FRF_Grand Est,FRF,1,2020,11,output/FRF_Grand Est/2020/FRF_Grand Est_2020-11-01.png,30.815149848216286,21.12170541056306,9.693444437653227,FR
FRF_Grand Est,FRF,1,2020,3,output/FRF_Grand Est/2020/FRF_Grand Est_2020-03-01.png,34.7342083285238,40.12880490504288,-5.394596576519078,FR
FRF_Grand Est,FRF,1,2020,1,output/FRF_Grand Est/2020/FRF_Grand Est_2020-01-01.png,18.88977014416746,31.111178575630046,-12.221408431462585,FR
FRF_Grand Est,FRF,1,2020,9,output/FRF_Grand Est/2020/FRF_Grand Est_2020-09-01.png,16.6610071649292,53.20214608305885,-36.54113891812965,FR
FRF_Grand Est,FRF,1,2020,5,output/FRF_Grand Est/2020/FRF_Grand Est_2020-05-01.png,56.874461049586834,12.43541082450077,44.43905022508606,FR
FRF_Grand Est,FRF,1,2020,7,output/FRF_Grand Est/2020/FRF_Grand Est_2020-07-01.png,26.73058250779144,43.36793932521711,-16.63735681742567,FR
FRF_Grand Est,FRF,1,2020,10,output/FRF_Grand Est/2020/FRF_Grand Est_2020-10-01.png,38.18848575091143,25.009908838684105,13.178576912227328,FR
FRF_Grand Est,FRF,1,2020,2,output/FRF_Grand Est/2020/FRF_Grand Est_2020-02-01.png,21.09131206276472,33.66771138562367,-12.576399322858947,FR
FRF_Grand Est,FRF,1,2020,12,output/FRF_Grand Est/2020/FRF_Grand Est_2020-12-01.png,31.065317590604874,16.63799090794292,14.427326682661953,FR
FRF_Grand Est,FRF,1,2020,8,output/FRF_Grand Est/2020/FRF_Grand Est_2020-08-01.png,15.220978156806561,54.67825933445141,-39.45728117764485,FR
FRF_Grand Est,FRF,1,2020,4,output/FRF_Grand Est/2020/FRF_Grand Est_2020-04-01.png,56.269478601546744,24.849772876959744,31.419705724587,FR
FRF_Grand Est,FRF,1,2020,6,output/FRF_Grand Est/2020/FRF_Grand Est_2020-06-01.png,64.04098427442354,8.41277601238491,55.628208262038626,FR
FRJ_Occitanie,FRJ,1,2022,11,output/FRJ_Occitanie/2022/FRJ_Occitanie_2022-11-01.png,20.607231599330078,28.220618200073403,-7.6133866007433255,FR
FRJ_Occitanie,FRJ,1,2022,3,output/FRJ_Occitanie/2022/FRJ_Occitanie_2022-03-01.png,29.39520025383273,41.60224699655307,-12.20704674272034,FR
FRJ_Occitanie,FRJ,1,2022,1,output/FRJ_Occitanie/2022/FRJ_Occitanie_2022-01-01.png,6.646782050402447,42.96304855722183,-36.31626650681939,FR
FRJ_Occitanie,FRJ,1,2022,9,output/FRJ_Occitanie/2022/FRJ_Occitanie_2022-09-01.png,21.980413885710366,46.836297480805534,-24.855883595095168,FR
FRJ_Occitanie,FRJ,1,2022,5,output/FRJ_Occitanie/2022/FRJ_Occitanie_2022-05-01.png,71.92874870137366,14.494112893916657,57.434635807457006,FR
FRJ_Occitanie,FRJ,1,2022,7,output/FRJ_Occitanie/2022/FRJ_Occitanie_2022-07-01.png,33.075919156085284,41.661439067828994,-8.58551991174371,FR
FRJ_Occitanie,FRJ,1,2022,10,output/FRJ_Occitanie/2022/FRJ_Occitanie_2022-10-01.png,28.050675444257372,32.279998413688425,-4.229322969431053,FR
FRJ_Occitanie,FRJ,1,2022,2,output/FRJ_Occitanie/2022/FRJ_Occitanie_2022-02-01.png,10.221578085905673,50.944933555416156,-40.72335546951048,FR
FRJ_Occitanie,FRJ,1,2022,12,output/FRJ_Occitanie/2022/FRJ_Occitanie_2022-12-01.png,22.28200814894417,25.4219717710853,-3.1399636221411313,FR
FRJ_Occitanie,FRJ,1,2022,8,output/FRJ_Occitanie/2022/FRJ_Occitanie_2022-08-01.png,19.159577805584302,56.53503441959086,-37.37545661400655,FR
FRJ_Occitanie,FRJ,1,2022,4,output/FRJ_Occitanie/2022/FRJ_Occitanie_2022-04-01.png,52.49060794196754,22.520388517533043,29.970219424434497,FR
FRJ_Occitanie,FRJ,1,2022,6,output/FRJ_Occitanie/2022/FRJ_Occitanie_2022-06-01.png,49.4722974192384,31.547735065872587,17.924562353365815,FR
FRJ_Occitanie,FRJ,1,2025,7,output/FRJ_Occitanie/2025/FRJ_Occitanie_2025-07-01.png,40.97075354173306,39.095590578555495,1.8751629631775657,FR
FRJ_Occitanie,FRJ,1,2025,5,output/FRJ_Occitanie/2025/FRJ_Occitanie_2025-05-01.png,77.15160277326103,10.03522459736879,67.11637817589224,FR
FRJ_Occitanie,FRJ,1,2025,9,output/FRJ_Occitanie/2025/FRJ_Occitanie_2025-09-01.png,33.370106787225915,26.30203263463771,7.068074152588206,FR
FRJ_Occitanie,FRJ,1,2025,1,output/FRJ_Occitanie/2025/FRJ_Occitanie_2025-01-01.png,18.652359507708557,29.293247861994104,-10.640888354285547,FR
FRJ_Occitanie,FRJ,1,2025,3,output/FRJ_Occitanie/2025/FRJ_Occitanie_2025-03-01.png,31.796043554934332,29.493730015896755,2.302313539037577,FR
FRJ_Occitanie,FRJ,1,2025,11,output/FRJ_Occitanie/2025/FRJ_Occitanie_2025-11-01.png,26.20254533655406,25.263366622201392,0.9391787143526678,FR
FRJ_Occitanie,FRJ,1,2025,6,output/FRJ_Occitanie/2025/FRJ_Occitanie_2025-06-01.png,51.793607187407616,25.808114675492295,25.98549251191532,FR
FRJ_Occitanie,FRJ,1,2025,4,output/FRJ_Occitanie/2025/FRJ_Occitanie_2025-04-01.png,54.111998152964816,20.306564550632935,33.80543360233188,FR
FRJ_Occitanie,FRJ,1,2025,8,output/FRJ_Occitanie/2025/FRJ_Occitanie_2025-08-01.png,25.36070431979926,48.01928082660956,-22.6585765068103,FR
FRJ_Occitanie,FRJ,1,2025,12,output/FRJ_Occitanie/2025/FRJ_Occitanie_2025-12-01.png,21.590023665165095,25.75806445767632,-4.168040792511224,FR
FRJ_Occitanie,FRJ,1,2025,2,output/FRJ_Occitanie/2025/FRJ_Occitanie_2025-02-01.png,19.86090981851219,37.85142082531167,-17.99051100679948,FR
FRJ_Occitanie,FRJ,1,2025,10,output/FRJ_Occitanie/2025/FRJ_Occitanie_2025-10-01.png,23.316893436299004,26.88716318039903,-3.570269744100024,FR
FRJ_Occitanie,FRJ,1,2024,1,output/FRJ_Occitanie/2024/FRJ_Occitanie_2024-01-01.png,15.488758130345117,35.03006965776836,-19.54131152742324,FR
FRJ_Occitanie,FRJ,1,2024,11,output/FRJ_Occitanie/2024/FRJ_Occitanie_2024-11-01.png,25.790727941998263,19.679418540510724,6.111309401487539,FR
FRJ_Occitanie,FRJ,1,2024,3,output/FRJ_Occitanie/2024/FRJ_Occitanie_2024-03-01.png,40.78141209385042,25.974054140023785,14.807357953826635,FR
FRJ_Occitanie,FRJ,1,2024,7,output/FRJ_Occitanie/2024/FRJ_Occitanie_2024-07-01.png,56.664647731943155,20.09308731171631,36.571560420226845,FR
FRJ_Occitanie,FRJ,1,2024,9,output/FRJ_Occitanie/2024/FRJ_Occitanie_2024-09-01.png,46.249732229256075,17.76741987191325,28.482312357342824,FR
FRJ_Occitanie,FRJ,1,2024,5,output/FRJ_Occitanie/2024/FRJ_Occitanie_2024-05-01.png,77.62513116190517,9.359641436705141,68.26548972520003,FR
FRJ_Occitanie,FRJ,1,2024,12,output/FRJ_Occitanie/2024/FRJ_Occitanie_2024-12-01.png,19.46657025049943,22.43940207367802,-2.9728318231785913,FR
FRJ_Occitanie,FRJ,1,2024,10,output/FRJ_Occitanie/2024/FRJ_Occitanie_2024-10-01.png,34.003266556817856,18.41955019801694,15.583716358800917,FR
FRJ_Occitanie,FRJ,1,2024,2,output/FRJ_Occitanie/2024/FRJ_Occitanie_2024-02-01.png,26.799832764683483,28.662192126501573,-1.8623593618180898,FR
FRJ_Occitanie,FRJ,1,2024,6,output/FRJ_Occitanie/2024/FRJ_Occitanie_2024-06-01.png,67.8448793112173,16.56750836761102,51.27737094360628,FR
FRJ_Occitanie,FRJ,1,2024,8,output/FRJ_Occitanie/2024/FRJ_Occitanie_2024-08-01.png,37.24213516767974,28.828585231492497,8.413549936187245,FR
FRJ_Occitanie,FRJ,1,2024,4,output/FRJ_Occitanie/2024/FRJ_Occitanie_2024-04-01.png,57.79200646059112,17.876945928601817,39.9150605319893,FR
FRJ_Occitanie,FRJ,1,2023,5,output/FRJ_Occitanie/2023/FRJ_Occitanie_2023-05-01.png,74.3270307637868,13.259473006446058,61.06755775734074,FR
FRJ_Occitanie,FRJ,1,2023,9,output/FRJ_Occitanie/2023/FRJ_Occitanie_2023-09-01.png,20.114718755182533,42.684966867839094,-22.57024811265656,FR
FRJ_Occitanie,FRJ,1,2023,7,output/FRJ_Occitanie/2023/FRJ_Occitanie_2023-07-01.png,50.12005710824609,23.91371751607972,26.206339592166366,FR
FRJ_Occitanie,FRJ,1,2023,3,output/FRJ_Occitanie/2023/FRJ_Occitanie_2023-03-01.png,27.037501712489274,40.66386899997837,-13.626367287489096,FR
FRJ_Occitanie,FRJ,1,2023,11,output/FRJ_Occitanie/2023/FRJ_Occitanie_2023-11-01.png,24.30975095129033,24.561865430740653,-0.2521144794503236,FR
FRJ_Occitanie,FRJ,1,2023,1,output/FRJ_Occitanie/2023/FRJ_Occitanie_2023-01-01.png,16.137194828526514,18.10978152770203,-1.9725866991755154,FR
FRJ_Occitanie,FRJ,1,2023,4,output/FRJ_Occitanie/2023/FRJ_Occitanie_2023-04-01.png,46.634597851219176,27.109211457246847,19.52538639397233,FR
FRJ_Occitanie,FRJ,1,2023,8,output/FRJ_Occitanie/2023/FRJ_Occitanie_2023-08-01.png,29.37766337147678,40.79077346831354,-11.41311009683676,FR
FRJ_Occitanie,FRJ,1,2023,6,output/FRJ_Occitanie/2023/FRJ_Occitanie_2023-06-01.png,68.80708133142882,15.06333953743381,53.74374179399501,FR
FRJ_Occitanie,FRJ,1,2023,2,output/FRJ_Occitanie/2023/FRJ_Occitanie_2023-02-01.png,17.05104678537565,41.253114037775845,-24.202067252400195,FR
FRJ_Occitanie,FRJ,1,2023,10,output/FRJ_Occitanie/2023/FRJ_Occitanie_2023-10-01.png,14.808165148860384,42.40159495843157,-27.59342980957119,FR
FRJ_Occitanie,FRJ,1,2023,12,output/FRJ_Occitanie/2023/FRJ_Occitanie_2023-12-01.png,11.308031876498518,30.036744302456754,-18.728712425958236,FR
FRJ_Occitanie,FRJ,1,2026,2,output/FRJ_Occitanie/2026/FRJ_Occitanie_2026-02-01.png,21.20028409090909,26.850791177908114,-5.650507086999024,FR
FRJ_Occitanie,FRJ,1,2026,6,output/FRJ_Occitanie/2026/FRJ_Occitanie_2026-06-01.png,42.28406411559843,36.00950341416283,6.274560701435604,FR
FRJ_Occitanie,FRJ,1,2026,4,output/FRJ_Occitanie/2026/FRJ_Occitanie_2026-04-01.png,59.32639685046183,15.365174818115612,43.96122203234622,FR
FRJ_Occitanie,FRJ,1,2026,1,output/FRJ_Occitanie/2026/FRJ_Occitanie_2026-01-01.png,18.355788054352804,26.146741031030416,-7.790952976677612,FR
FRJ_Occitanie,FRJ,1,2026,3,output/FRJ_Occitanie/2026/FRJ_Occitanie_2026-03-01.png,41.466756076633,23.772235321262986,17.69452075537001,FR
FRJ_Occitanie,FRJ,1,2026,7,output/FRJ_Occitanie/2026/FRJ_Occitanie_2026-07-01.png,27.31402366479915,53.690684779395326,-26.376661114596175,FR
FRJ_Occitanie,FRJ,1,2026,5,output/FRJ_Occitanie/2026/FRJ_Occitanie_2026-05-01.png,71.83189484234283,11.43077577566751,60.40111906667532,FR
FRJ_Occitanie,FRJ,1,2021,4,output/FRJ_Occitanie/2021/FRJ_Occitanie_2021-04-01.png,41.90554820473809,31.588966322840694,10.316581881897395,FR
FRJ_Occitanie,FRJ,1,2021,8,output/FRJ_Occitanie/2021/FRJ_Occitanie_2021-08-01.png,44.58863289483247,23.411221745766408,21.177411149066064,FR
FRJ_Occitanie,FRJ,1,2021,6,output/FRJ_Occitanie/2021/FRJ_Occitanie_2021-06-01.png,63.43240977612048,19.68701672231135,43.74539305380913,FR
FRJ_Occitanie,FRJ,1,2021,2,output/FRJ_Occitanie/2021/FRJ_Occitanie_2021-02-01.png,31.005727426720494,33.44505261325179,-2.4393251865312955,FR
FRJ_Occitanie,FRJ,1,2021,10,output/FRJ_Occitanie/2021/FRJ_Occitanie_2021-10-01.png,31.00434792013671,21.748613784997872,9.255734135138837,FR
FRJ_Occitanie,FRJ,1,2021,12,output/FRJ_Occitanie/2021/FRJ_Occitanie_2021-12-01.png,6.575002435319712,36.945784371380846,-30.370781936061135,FR
FRJ_Occitanie,FRJ,1,2021,5,output/FRJ_Occitanie/2021/FRJ_Occitanie_2021-05-01.png,72.69955482874535,13.94785136731171,58.751703461433635,FR
FRJ_Occitanie,FRJ,1,2021,9,output/FRJ_Occitanie/2021/FRJ_Occitanie_2021-09-01.png,43.723584871581835,21.00169779286927,22.721887078712566,FR
FRJ_Occitanie,FRJ,1,2021,7,output/FRJ_Occitanie/2021/FRJ_Occitanie_2021-07-01.png,60.39254432620917,17.255939910355945,43.13660441585323,FR
FRJ_Occitanie,FRJ,1,2021,3,output/FRJ_Occitanie/2021/FRJ_Occitanie_2021-03-01.png,36.12595268482266,34.2829537015005,1.842998983322154,FR
FRJ_Occitanie,FRJ,1,2021,11,output/FRJ_Occitanie/2021/FRJ_Occitanie_2021-11-01.png,21.922324901722682,23.80636795850742,-1.884043056784737,FR
FRJ_Occitanie,FRJ,1,2021,1,output/FRJ_Occitanie/2021/FRJ_Occitanie_2021-01-01.png,13.426895067370346,26.692471958857546,-13.2655768914872,FR
FRJ_Occitanie,FRJ,1,2020,10,output/FRJ_Occitanie/2020/FRJ_Occitanie_2020-10-01.png,46.48298335865844,17.222781612141407,29.26020174651703,FR
FRJ_Occitanie,FRJ,1,2020,2,output/FRJ_Occitanie/2020/FRJ_Occitanie_2020-02-01.png,23.597020629186584,31.279788300273278,-7.682767671086694,FR
FRJ_Occitanie,FRJ,1,2020,12,output/FRJ_Occitanie/2020/FRJ_Occitanie_2020-12-01.png,23.313958297302783,22.601117385648436,0.7128409116543466,FR
FRJ_Occitanie,FRJ,1,2020,8,output/FRJ_Occitanie/2020/FRJ_Occitanie_2020-08-01.png,26.427425026599103,45.72773339584874,-19.300308369249635,FR
FRJ_Occitanie,FRJ,1,2020,4,output/FRJ_Occitanie/2020/FRJ_Occitanie_2020-04-01.png,50.03960706867537,24.81629255934672,25.223314509328652,FR
FRJ_Occitanie,FRJ,1,2020,6,output/FRJ_Occitanie/2020/FRJ_Occitanie_2020-06-01.png,65.64013953169584,16.376937589506987,49.26320194218885,FR
FRJ_Occitanie,FRJ,1,2020,11,output/FRJ_Occitanie/2020/FRJ_Occitanie_2020-11-01.png,21.81134497104992,23.612523163670712,-1.8011781926207924,FR
FRJ_Occitanie,FRJ,1,2020,3,output/FRJ_Occitanie/2020/FRJ_Occitanie_2020-03-01.png,39.099256951880335,28.04402767412599,11.055229277754346,FR
FRJ_Occitanie,FRJ,1,2020,1,output/FRJ_Occitanie/2020/FRJ_Occitanie_2020-01-01.png,14.97223023658396,29.090810732833237,-14.118580496249278,FR
FRJ_Occitanie,FRJ,1,2020,9,output/FRJ_Occitanie/2020/FRJ_Occitanie_2020-09-01.png,25.275648467978627,38.59655448429038,-13.320906016311753,FR
FRJ_Occitanie,FRJ,1,2020,5,output/FRJ_Occitanie/2020/FRJ_Occitanie_2020-05-01.png,70.35796562751241,10.943026177746212,59.4149394497662,FR
FRJ_Occitanie,FRJ,1,2020,7,output/FRJ_Occitanie/2020/FRJ_Occitanie_2020-07-01.png,42.65504337104415,32.37145514720197,10.28358822384218,FR
SK_Slovensko 14.04.42,SK,0,2022,7,output/SK_Slovensko 14.04.42/2022/SK_Slovensko_2022-07-01.png,33.43441873072883,29.19222037746078,4.242198353268048,SK
SK_Slovensko 14.04.42,SK,0,2025,7,output/SK_Slovensko 14.04.42/2025/SK_Slovensko_2025-07-01.png,38.447766588915684,20.689479896758744,17.75828669215694,SK
SK_Slovensko 14.04.42,SK,0,2024,7,output/SK_Slovensko 14.04.42/2024/SK_Slovensko_2024-07-01.png,43.74498797113071,17.54125393903114,26.20373403209957,SK
SK_Slovensko 14.04.42,SK,0,2023,7,output/SK_Slovensko 14.04.42/2023/SK_Slovensko_2023-07-01.png,43.283733915038624,18.502862374329617,24.780871540709008,SK
SK_Slovensko 14.04.42,SK,0,2026,7,output/SK_Slovensko 14.04.42/2026/SK_Slovensko_2026-07-01.png,49.98171523688226,26.275835109267224,23.705880127615035,SK
DK_Danmark,DK,0,2022,7,output/DK_Danmark/2022/DK_Danmark_2022-07-01.png,65.44040945283713,15.96160629188524,49.47880316095189,DK
DK_Danmark,DK,0,2025,7,output/DK_Danmark/2025/DK_Danmark_2025-07-01.png,59.437344021780234,20.78650835665129,38.650835665128945,DK
DK_Danmark,DK,0,2024,7,output/DK_Danmark/2024/DK_Danmark_2024-07-01.png,62.68552562467172,13.781045996848503,48.904479627823214,DK
DK_Danmark,DK,0,2023,7,output/DK_Danmark/2023/DK_Danmark_2023-07-01.png,67.30718629949556,11.95185577783291,55.355330521662644,DK
DK_Danmark,DK,0,2026,7,output/DK_Danmark/2026/DK_Danmark_2026-07-01.png,61.138827412881206,14.702727034022281,46.436100378858924,DK
BA_Bosna I Hercegovina,BA,0,2022,7,output/BA_Bosna I Hercegovina/2022/BA_Bosna I Hercegovina_2022-07-01.png,51.15856314713668,9.055166482368842,42.10339666476784,BA
BA_Bosna I Hercegovina,BA,0,2025,7,output/BA_Bosna I Hercegovina/2025/BA_Bosna I Hercegovina_2025-07-01.png,53.48797596309576,10.801527996515096,42.68644796658066,BA
BA_Bosna I Hercegovina,BA,0,2024,7,output/BA_Bosna I Hercegovina/2024/BA_Bosna I Hercegovina_2024-07-01.png,56.469970624043604,3.422634006858113,53.04733661718549,BA
BA_Bosna I Hercegovina,BA,0,2023,7,output/BA_Bosna I Hercegovina/2023/BA_Bosna I Hercegovina_2023-07-01.png,63.91448580906745,2.169129555786393,61.74535625328106,BA
BA_Bosna I Hercegovina,BA,0,2026,7,output/BA_Bosna I Hercegovina/2026/BA_Bosna I Hercegovina_2026-07-01.png,63.626200092234164,5.998015568008721,57.628184524225446,BA
FRH_Bretagne,FRH,1,2022,7,output/FRH_Bretagne/2022/FRH_Bretagne_2022-07-01.png,40.40468299996055,39.56484002051525,0.8398429794453008,FR
FRH_Bretagne,FRH,1,2022,9,output/FRH_Bretagne/2022/FRH_Bretagne_2022-09-01.png,51.67113724595789,21.32788600270714,30.343251243250748,FR
FRH_Bretagne,FRH,1,2022,5,output/FRH_Bretagne/2022/FRH_Bretagne_2022-05-01.png,72.97457242617324,16.700037480519992,56.274534945653244,FR
FRH_Bretagne,FRH,1,2022,1,output/FRH_Bretagne/2022/FRH_Bretagne_2022-01-01.png,45.82912019764795,5.4881177121054385,40.34100248554252,FR
FRH_Bretagne,FRH,1,2022,11,output/FRH_Bretagne/2022/FRH_Bretagne_2022-11-01.png,57.820468557336625,5.638471023427867,52.181997533908756,FR
FRH_Bretagne,FRH,1,2022,3,output/FRH_Bretagne/2022/FRH_Bretagne_2022-03-01.png,84.70677003195644,5.484376849331282,79.22239318262515,FR
FRH_Bretagne,FRH,1,2022,6,output/FRH_Bretagne/2022/FRH_Bretagne_2022-06-01.png,64.70196355166475,15.263789027995045,49.4381745236697,FR
FRH_Bretagne,FRH,1,2022,8,output/FRH_Bretagne/2022/FRH_Bretagne_2022-08-01.png,21.294926421272734,61.07478202548625,-39.779855604213516,FR
FRH_Bretagne,FRH,1,2022,4,output/FRH_Bretagne/2022/FRH_Bretagne_2022-04-01.png,80.51347299483173,10.543160926342368,69.97031206848936,FR
FRH_Bretagne,FRH,1,2022,12,output/FRH_Bretagne/2022/FRH_Bretagne_2022-12-01.png,48.81588508326619,5.710740819463873,43.105144263802316,FR
FRH_Bretagne,FRH,1,2022,10,output/FRH_Bretagne/2022/FRH_Bretagne_2022-10-01.png,53.36617492096944,10.00526870389884,43.3609062170706,FR
FRH_Bretagne,FRH,1,2022,2,output/FRH_Bretagne/2022/FRH_Bretagne_2022-02-01.png,65.49806747197077,2.804940813175502,62.69312665879527,FR
FRH_Bretagne,FRH,1,2025,3,output/FRH_Bretagne/2025/FRH_Bretagne_2025-03-01.png,71.9661103878171,9.268848384424192,62.69726200339291,FR
FRH_Bretagne,FRH,1,2025,11,output/FRH_Bretagne/2025/FRH_Bretagne_2025-11-01.png,46.260338628618214,9.025986516011619,37.234352112606594,FR
FRH_Bretagne,FRH,1,2025,1,output/FRH_Bretagne/2025/FRH_Bretagne_2025-01-01.png,55.448123486069306,6.519910405708089,48.92821308036122,FR
FRH_Bretagne,FRH,1,2025,5,output/FRH_Bretagne/2025/FRH_Bretagne_2025-05-01.png,72.27235964808459,15.457943740876633,56.81441590720796,FR
FRH_Bretagne,FRH,1,2025,9,output/FRH_Bretagne/2025/FRH_Bretagne_2025-09-01.png,70.7322290205442,8.812117594388898,61.9201114261553,FR
FRH_Bretagne,FRH,1,2025,7,output/FRH_Bretagne/2025/FRH_Bretagne_2025-07-01.png,43.370024065964415,40.09892689470154,3.2710971712628734,FR
FRH_Bretagne,FRH,1,2025,2,output/FRH_Bretagne/2025/FRH_Bretagne_2025-02-01.png,55.65013671099063,6.033394872753616,49.61674183823701,FR
FRH_Bretagne,FRH,1,2025,10,output/FRH_Bretagne/2025/FRH_Bretagne_2025-10-01.png,56.20191738667298,15.645342644099893,40.55657474257309,FR
FRH_Bretagne,FRH,1,2025,12,output/FRH_Bretagne/2025/FRH_Bretagne_2025-12-01.png,37.53304138556831,5.259498165463368,32.27354322010494,FR
FRH_Bretagne,FRH,1,2025,4,output/FRH_Bretagne/2025/FRH_Bretagne_2025-04-01.png,77.73158559198328,10.168856274904329,67.56272931707895,FR
FRH_Bretagne,FRH,1,2025,8,output/FRH_Bretagne/2025/FRH_Bretagne_2025-08-01.png,55.54651438040005,26.36209413342802,29.184420246972028,FR
FRH_Bretagne,FRH,1,2025,6,output/FRH_Bretagne/2025/FRH_Bretagne_2025-06-01.png,58.72243263502584,21.12380163332939,37.59863100169645,FR
FRH_Bretagne,FRH,1,2024,9,output/FRH_Bretagne/2024/FRH_Bretagne_2024-09-01.png,67.87867705203226,8.26002293215246,59.6186541198798,FR
FRH_Bretagne,FRH,1,2024,5,output/FRH_Bretagne/2024/FRH_Bretagne_2024-05-01.png,80.53392164411146,8.676596878794161,71.8573247653173,FR
FRH_Bretagne,FRH,1,2024,7,output/FRH_Bretagne/2024/FRH_Bretagne_2024-07-01.png,72.44897451833437,14.149409571162213,58.29956494717216,FR
FRH_Bretagne,FRH,1,2024,11,output/FRH_Bretagne/2024/FRH_Bretagne_2024-11-01.png,46.84320541395757,8.412537099698582,38.43066831425899,FR
FRH_Bretagne,FRH,1,2024,3,output/FRH_Bretagne/2024/FRH_Bretagne_2024-03-01.png,70.77255773568008,2.629437688060769,68.1431200476193,FR
FRH_Bretagne,FRH,1,2024,1,output/FRH_Bretagne/2024/FRH_Bretagne_2024-01-01.png,55.52580187004379,8.438868505148537,47.08693336489526,FR
FRH_Bretagne,FRH,1,2024,8,output/FRH_Bretagne/2024/FRH_Bretagne_2024-08-01.png,65.76681428585519,18.26220324104668,47.50461104480851,FR
FRH_Bretagne,FRH,1,2024,4,output/FRH_Bretagne/2024/FRH_Bretagne_2024-04-01.png,81.96335267097747,5.013381206469522,76.94997146450795,FR
FRH_Bretagne,FRH,1,2024,6,output/FRH_Bretagne/2024/FRH_Bretagne_2024-06-01.png,70.86095095316085,14.959465634353837,55.90148531880702,FR
FRH_Bretagne,FRH,1,2024,10,output/FRH_Bretagne/2024/FRH_Bretagne_2024-10-01.png,65.04766568070988,3.1777120473259255,61.86995363338396,FR
FRH_Bretagne,FRH,1,2024,2,output/FRH_Bretagne/2024/FRH_Bretagne_2024-02-01.png,60.33471248597623,2.4760434754646603,57.858669010511576,FR
FRH_Bretagne,FRH,1,2024,12,output/FRH_Bretagne/2024/FRH_Bretagne_2024-12-01.png,34.02920257146765,6.054803264487302,27.97439930698035,FR
FRH_Bretagne,FRH,1,2023,1,output/FRH_Bretagne/2023/FRH_Bretagne_2023-01-01.png,55.799796243042906,3.941643204504735,51.85815303853817,FR
FRH_Bretagne,FRH,1,2023,3,output/FRH_Bretagne/2023/FRH_Bretagne_2023-03-01.png,70.96586840191043,4.804813271457007,66.16105513045342,FR
FRH_Bretagne,FRH,1,2023,11,output/FRH_Bretagne/2023/FRH_Bretagne_2023-11-01.png,50.71296612729875,11.37873137100489,39.33423475629386,FR
FRH_Bretagne,FRH,1,2023,7,output/FRH_Bretagne/2023/FRH_Bretagne_2023-07-01.png,64.29907486982458,19.515696880845255,44.783377988979325,FR
FRH_Bretagne,FRH,1,2023,5,output/FRH_Bretagne/2023/FRH_Bretagne_2023-05-01.png,77.92153980476206,13.131945917416033,64.78959388734603,FR
FRH_Bretagne,FRH,1,2023,9,output/FRH_Bretagne/2023/FRH_Bretagne_2023-09-01.png,68.25007555377199,12.1401287139014,56.109946839870595,FR
FRH_Bretagne,FRH,1,2023,12,output/FRH_Bretagne/2023/FRH_Bretagne_2023-12-01.png,35.92039851624951,9.302952744887524,26.61744577136199,FR
FRH_Bretagne,FRH,1,2023,2,output/FRH_Bretagne/2023/FRH_Bretagne_2023-02-01.png,67.44683789008562,6.881484988361541,60.565352901724076,FR
FRH_Bretagne,FRH,1,2023,10,output/FRH_Bretagne/2023/FRH_Bretagne_2023-10-01.png,55.26506755656042,15.56392573468068,39.70114182187974,FR
FRH_Bretagne,FRH,1,2023,6,output/FRH_Bretagne/2023/FRH_Bretagne_2023-06-01.png,65.69974554707379,18.481187776377876,47.21855777069591,FR
FRH_Bretagne,FRH,1,2023,4,output/FRH_Bretagne/2023/FRH_Bretagne_2023-04-01.png,79.66586139651308,4.782722589283115,74.88313880722997,FR
FRH_Bretagne,FRH,1,2023,8,output/FRH_Bretagne/2023/FRH_Bretagne_2023-08-01.png,67.33126438457452,10.346479489289024,56.9847848952855,FR
FRH_Bretagne,FRH,1,2026,4,output/FRH_Bretagne/2026/FRH_Bretagne_2026-04-01.png,76.86461908707145,13.13321103089123,63.731408056180214,FR
FRH_Bretagne,FRH,1,2026,6,output/FRH_Bretagne/2026/FRH_Bretagne_2026-06-01.png,51.798810189054336,28.645959538515555,23.15285065053878,FR
FRH_Bretagne,FRH,1,2026,2,output/FRH_Bretagne/2026/FRH_Bretagne_2026-02-01.png,59.24492108297221,2.7407267522760703,56.504194330696144,FR
FRH_Bretagne,FRH,1,2026,5,output/FRH_Bretagne/2026/FRH_Bretagne_2026-05-01.png,73.87511342565195,11.867282124117253,62.007831301534694,FR
FRH_Bretagne,FRH,1,2026,7,output/FRH_Bretagne/2026/FRH_Bretagne_2026-07-01.png,26.12537972935653,56.215725726910485,-30.090345997553953,FR
FRH_Bretagne,FRH,1,2026,3,output/FRH_Bretagne/2026/FRH_Bretagne_2026-03-01.png,80.01637274628162,4.18047500690417,75.83589773937744,FR
FRH_Bretagne,FRH,1,2026,1,output/FRH_Bretagne/2026/FRH_Bretagne_2026-01-01.png,51.52744095049828,6.398133240946422,45.12930770955186,FR
FRH_Bretagne,FRH,1,2021,12,output/FRH_Bretagne/2021/FRH_Bretagne_2021-12-01.png,23.78817304452944,12.20397931075484,11.5841937337746,FR
FRH_Bretagne,FRH,1,2021,2,output/FRH_Bretagne/2021/FRH_Bretagne_2021-02-01.png,45.13539861898965,5.555864242742624,39.579534376247025,FR
FRH_Bretagne,FRH,1,2021,10,output/FRH_Bretagne/2021/FRH_Bretagne_2021-10-01.png,65.97936619093177,6.987582234408751,58.99178395652302,FR
FRH_Bretagne,FRH,1,2021,6,output/FRH_Bretagne/2021/FRH_Bretagne_2021-06-01.png,67.98805174286561,12.596030413745433,55.392021329120176,FR
FRH_Bretagne,FRH,1,2021,4,output/FRH_Bretagne/2021/FRH_Bretagne_2021-04-01.png,71.71037707003856,16.954343258997703,54.75603381104086,FR
FRH_Bretagne,FRH,1,2021,8,output/FRH_Bretagne/2021/FRH_Bretagne_2021-08-01.png,68.43141609297506,10.983788585387519,57.44762750758754,FR
FRH_Bretagne,FRH,1,2021,1,output/FRH_Bretagne/2021/FRH_Bretagne_2021-01-01.png,27.519898813729316,6.021768882257323,21.498129931471993,FR
FRH_Bretagne,FRH,1,2021,3,output/FRH_Bretagne/2021/FRH_Bretagne_2021-03-01.png,75.24720909032037,9.573530071086624,65.67367901923375,FR
FRH_Bretagne,FRH,1,2021,11,output/FRH_Bretagne/2021/FRH_Bretagne_2021-11-01.png,44.47069919829234,11.183697783514111,33.287001414778224,FR
FRH_Bretagne,FRH,1,2021,7,output/FRH_Bretagne/2021/FRH_Bretagne_2021-07-01.png,74.68248795133128,11.700047404598246,62.98244054673304,FR
FRH_Bretagne,FRH,1,2021,5,output/FRH_Bretagne/2021/FRH_Bretagne_2021-05-01.png,76.52286773168123,11.380378517868822,65.14248921381241,FR
FRH_Bretagne,FRH,1,2021,9,output/FRH_Bretagne/2021/FRH_Bretagne_2021-09-01.png,63.74817532646862,12.218901645165108,51.52927368130351,FR
FRH_Bretagne,FRH,1,2020,6,output/FRH_Bretagne/2020/FRH_Bretagne_2020-06-01.png,83.31231137687857,3.9953632543009903,79.31694812257757,FR
FRH_Bretagne,FRH,1,2020,8,output/FRH_Bretagne/2020/FRH_Bretagne_2020-08-01.png,50.10262979577907,29.838809395448678,20.263820400330395,FR
FRH_Bretagne,FRH,1,2020,4,output/FRH_Bretagne/2020/FRH_Bretagne_2020-04-01.png,70.27705448376534,17.146999644928393,53.13005483883695,FR
FRH_Bretagne,FRH,1,2020,12,output/FRH_Bretagne/2020/FRH_Bretagne_2020-12-01.png,40.87121099517425,5.4619142463608705,35.40929674881338,FR
FRH_Bretagne,FRH,1,2020,10,output/FRH_Bretagne/2020/FRH_Bretagne_2020-10-01.png,63.958336619503555,5.65326435004811,58.305072269455444,FR
FRH_Bretagne,FRH,1,2020,2,output/FRH_Bretagne/2020/FRH_Bretagne_2020-02-01.png,60.959875826136816,6.502320845094094,54.45755498104272,FR
FRH_Bretagne,FRH,1,2020,7,output/FRH_Bretagne/2020/FRH_Bretagne_2020-07-01.png,63.977590483846306,17.48721464114691,46.49037584269939,FR
FRH_Bretagne,FRH,1,2020,9,output/FRH_Bretagne/2020/FRH_Bretagne_2020-09-01.png,65.88698859825621,12.422081508659803,53.46490708959641,FR
FRH_Bretagne,FRH,1,2020,5,output/FRH_Bretagne/2020/FRH_Bretagne_2020-05-01.png,63.47496745176944,21.188404939440566,42.28656251232887,FR
FRH_Bretagne,FRH,1,2020,1,output/FRH_Bretagne/2020/FRH_Bretagne_2020-01-01.png,34.646505037938816,11.417188726470282,23.229316311468533,FR
FRH_Bretagne,FRH,1,2020,11,output/FRH_Bretagne/2020/FRH_Bretagne_2020-11-01.png,53.97867020979872,9.692224211289677,44.286445998509045,FR
FRH_Bretagne,FRH,1,2020,3,output/FRH_Bretagne/2020/FRH_Bretagne_2020-03-01.png,77.76166804750069,6.270959087860496,71.4907089596402,FR
NO_Norge 14.04.42,NO,0,2022,7,output/NO_Norge 14.04.42/2022/NO_Norge_2022-07-01.png,45.89728184681486,3.1824057385256794,42.71487610828918,NO
NO_Norge 14.04.42,NO,0,2025,7,output/NO_Norge 14.04.42/2025/NO_Norge_2025-07-01.png,47.07230785892206,3.6767625717483123,43.395545287173746,NO
NO_Norge 14.04.42,NO,0,2024,7,output/NO_Norge 14.04.42/2024/NO_Norge_2024-07-01.png,50.7249813055135,4.06354301555746,46.66143828995604,NO
NO_Norge 14.04.42,NO,0,2023,7,output/NO_Norge 14.04.42/2023/NO_Norge_2023-07-01.png,47.18506183695998,5.068572604636369,42.116489232323616,NO
NO_Norge 14.04.42,NO,0,2026,7,output/NO_Norge 14.04.42/2026/NO_Norge_2026-07-01.png,51.86675188931083,2.575478437417754,49.291273451893076,NO
FI_Suomi - Finland 14.04.52,FI,0,2022,7,output/FI_Suomi - Finland 14.04.52/2022/FI_Suomi - Finland_2022-07-01.png,38.27809828030126,0.4991119249886409,37.77898635531262,FI
FI_Suomi - Finland 14.04.52,FI,0,2025,7,output/FI_Suomi - Finland 14.04.52/2025/FI_Suomi - Finland_2025-07-01.png,19.994096366519532,0.36245563694027033,19.63164072957926,FI
FI_Suomi - Finland 14.04.52,FI,0,2024,7,output/FI_Suomi - Finland 14.04.52/2024/FI_Suomi - Finland_2024-07-01.png,27.85785083009829,0.2119985683213568,27.645852261776934,FI
FI_Suomi - Finland 14.04.52,FI,0,2023,7,output/FI_Suomi - Finland 14.04.52/2023/FI_Suomi - Finland_2023-07-01.png,34.88834020718099,1.1448749603431867,33.7434652468378,FI
FI_Suomi - Finland 14.04.52,FI,0,2026,7,output/FI_Suomi - Finland 14.04.52/2026/FI_Suomi - Finland_2026-07-01.png,38.41643251082462,0.23775823961289333,38.178674271211726,FI
HR_Hrvatska 14.04.52,HR,0,2022,7,output/HR_Hrvatska 14.04.52/2022/HR_Hrvatska_2022-07-01.png,48.19093300136084,18.555065326571835,29.635867674789004,HR
HR_Hrvatska 14.04.52,HR,0,2025,7,output/HR_Hrvatska 14.04.52/2025/HR_Hrvatska_2025-07-01.png,51.3643189393107,16.79424727441429,34.57007166489641,HR
HR_Hrvatska 14.04.52,HR,0,2024,7,output/HR_Hrvatska 14.04.52/2024/HR_Hrvatska_2024-07-01.png,56.91009281804368,9.973210308234016,46.936882509809664,HR
HR_Hrvatska 14.04.52,HR,0,2023,7,output/HR_Hrvatska 14.04.52/2023/HR_Hrvatska_2023-07-01.png,62.672622643697096,9.57716224545216,53.09546039824494,HR
HR_Hrvatska 14.04.52,HR,0,2026,7,output/HR_Hrvatska 14.04.52/2026/HR_Hrvatska_2026-07-01.png,55.963526726316175,13.651233475336596,42.31229325097958,HR
FRM_Corse,FRM,1,2022,12,output/FRM_Corse/2022/FRM_Corse_2022-12-01.png,7.742357580595788,9.74292179612612,-2.000564215530333,FR
FRM_Corse,FRM,1,2022,2,output/FRM_Corse/2022/FRM_Corse_2022-02-01.png,6.894833826521731,13.696031884179757,-6.801198057658025,FR
FRM_Corse,FRM,1,2022,10,output/FRM_Corse/2022/FRM_Corse_2022-10-01.png,5.39546106612726,23.161647749440288,-17.766186683313027,FR
FRM_Corse,FRM,1,2022,6,output/FRM_Corse/2022/FRM_Corse_2022-06-01.png,49.40307197349387,23.32250919851383,26.08056277498004,FR
FRM_Corse,FRM,1,2022,4,output/FRM_Corse/2022/FRM_Corse_2022-04-01.png,23.328511491389712,17.665348162998264,5.663163328391448,FR
FRM_Corse,FRM,1,2022,8,output/FRM_Corse/2022/FRM_Corse_2022-08-01.png,21.002875132802323,33.20568303911741,-12.202807906315087,FR
FRM_Corse,FRM,1,2022,1,output/FRM_Corse/2022/FRM_Corse_2022-01-01.png,5.088143670882277,8.269358895097927,-3.1812152242156495,FR
FRM_Corse,FRM,1,2022,3,output/FRM_Corse/2022/FRM_Corse_2022-03-01.png,8.312575403804253,18.617311813112607,-10.304736409308354,FR
FRM_Corse,FRM,1,2022,11,output/FRM_Corse/2022/FRM_Corse_2022-11-01.png,5.362448455309928,16.10535224455742,-10.742903789247492,FR
FRM_Corse,FRM,1,2022,7,output/FRM_Corse/2022/FRM_Corse_2022-07-01.png,26.466510206899034,33.77190086613086,-7.305390659231829,FR
FRM_Corse,FRM,1,2022,5,output/FRM_Corse/2022/FRM_Corse_2022-05-01.png,60.970090574599496,11.614436714825063,49.355653859774435,FR
FRM_Corse,FRM,1,2022,9,output/FRM_Corse/2022/FRM_Corse_2022-09-01.png,9.003595675584823,28.396232644412297,-19.392636968827475,FR
FRM_Corse,FRM,1,2025,8,output/FRM_Corse/2025/FRM_Corse_2025-08-01.png,21.964190320702507,27.346446342502837,-5.38225602180033,FR
FRM_Corse,FRM,1,2025,4,output/FRM_Corse/2025/FRM_Corse_2025-04-01.png,25.991980118377295,11.172007251509731,14.819972866867564,FR
FRM_Corse,FRM,1,2025,6,output/FRM_Corse/2025/FRM_Corse_2025-06-01.png,57.79247672610937,17.048912684645536,40.743564041463834,FR
FRM_Corse,FRM,1,2025,10,output/FRM_Corse/2025/FRM_Corse_2025-10-01.png,4.005930265361368,22.449775814361086,-18.443845548999718,FR
FRM_Corse,FRM,1,2025,2,output/FRM_Corse/2025/FRM_Corse_2025-02-01.png,8.103484498334284,9.240973618656023,-1.1374891203217388,FR
FRM_Corse,FRM,1,2025,12,output/FRM_Corse/2025/FRM_Corse_2025-12-01.png,5.174576688294929,8.94161569719633,-3.767039008901401,FR
FRM_Corse,FRM,1,2025,9,output/FRM_Corse/2025/FRM_Corse_2025-09-01.png,13.090400533003608,25.078780093995906,-11.988379560992298,FR
FRM_Corse,FRM,1,2025,5,output/FRM_Corse/2025/FRM_Corse_2025-05-01.png,69.45133040821594,7.092909491425725,62.358420916790216,FR
FRM_Corse,FRM,1,2025,7,output/FRM_Corse/2025/FRM_Corse_2025-07-01.png,36.09778935553381,27.588938974688332,8.50885038084548,FR
FRM_Corse,FRM,1,2025,11,output/FRM_Corse/2025/FRM_Corse_2025-11-01.png,6.136744236298266,14.951711553813556,-8.81496731751529,FR
FRM_Corse,FRM,1,2025,3,output/FRM_Corse/2025/FRM_Corse_2025-03-01.png,16.991360223334617,10.488063149788218,6.503297073546399,FR
FRM_Corse,FRM,1,2025,1,output/FRM_Corse/2025/FRM_Corse_2025-01-01.png,6.848739495798319,8.143457382953182,-1.2947178871548628,FR
FRM_Corse,FRM,1,2024,2,output/FRM_Corse/2024/FRM_Corse_2024-02-01.png,5.954874762159145,13.592192217427057,-7.637317455267912,FR
FRM_Corse,FRM,1,2024,10,output/FRM_Corse/2024/FRM_Corse_2024-10-01.png,44.8847483095417,6.497971450037566,38.38677685950413,FR
FRM_Corse,FRM,1,2024,12,output/FRM_Corse/2024/FRM_Corse_2024-12-01.png,5.696175939208778,5.184780586183923,0.511395353024855,FR
FRM_Corse,FRM,1,2024,4,output/FRM_Corse/2024/FRM_Corse_2024-04-01.png,42.544852133515,13.999747903699213,28.545104229815788,FR
FRM_Corse,FRM,1,2024,8,output/FRM_Corse/2024/FRM_Corse_2024-08-01.png,13.25486335780268,28.524696434037804,-15.269833076235123,FR
FRM_Corse,FRM,1,2024,6,output/FRM_Corse/2024/FRM_Corse_2024-06-01.png,70.72453775108417,15.274022729884535,55.450515021199635,FR
FRM_Corse,FRM,1,2024,3,output/FRM_Corse/2024/FRM_Corse_2024-03-01.png,29.01769364241671,13.564125194377901,15.453568448038808,FR
FRM_Corse,FRM,1,2024,11,output/FRM_Corse/2024/FRM_Corse_2024-11-01.png,9.550248194810418,9.154096865002431,0.39615132980798684,FR
FRM_Corse,FRM,1,2024,1,output/FRM_Corse/2024/FRM_Corse_2024-01-01.png,5.031722117849018,12.368324700035414,-7.336602582186396,FR
FRM_Corse,FRM,1,2024,5,output/FRM_Corse/2024/FRM_Corse_2024-05-01.png,60.65646591311551,8.536578045369142,52.11988786774637,FR
FRM_Corse,FRM,1,2024,9,output/FRM_Corse/2024/FRM_Corse_2024-09-01.png,16.88709755273447,18.75995559202587,-1.8728580392914012,FR
FRM_Corse,FRM,1,2024,7,output/FRM_Corse/2024/FRM_Corse_2024-07-01.png,26.77862943644472,25.462926838052137,1.3157025983925834,FR
FRM_Corse,FRM,1,2023,6,output/FRM_Corse/2023/FRM_Corse_2023-06-01.png,75.05567260307684,10.198140445020679,64.85753215805616,FR
FRM_Corse,FRM,1,2023,8,output/FRM_Corse/2023/FRM_Corse_2023-08-01.png,12.735064794751596,32.67588218699543,-19.940817392243837,FR
FRM_Corse,FRM,1,2023,4,output/FRM_Corse/2023/FRM_Corse_2023-04-01.png,35.531971090354645,16.620644944413762,18.911326145940883,FR
FRM_Corse,FRM,1,2023,12,output/FRM_Corse/2023/FRM_Corse_2023-12-01.png,3.224431732921976,11.46137824649016,-8.236946513568183,FR
FRM_Corse,FRM,1,2023,10,output/FRM_Corse/2023/FRM_Corse_2023-10-01.png,4.72560518117921,22.788905361848226,-18.063300180669017,FR
FRM_Corse,FRM,1,2023,2,output/FRM_Corse/2023/FRM_Corse_2023-02-01.png,6.799997599082849,9.335366109853965,-2.5353685107711152,FR
FRM_Corse,FRM,1,2023,7,output/FRM_Corse/2023/FRM_Corse_2023-07-01.png,25.755238501107424,23.524186239143354,2.23105226196407,FR
FRM_Corse,FRM,1,2023,9,output/FRM_Corse/2023/FRM_Corse_2023-09-01.png,9.011842523844109,26.676590457554784,-17.664747933710675,FR
FRM_Corse,FRM,1,2023,5,output/FRM_Corse/2023/FRM_Corse_2023-05-01.png,57.668261275084994,10.185636489454524,47.48262478563047,FR
FRM_Corse,FRM,1,2023,1,output/FRM_Corse/2023/FRM_Corse_2023-01-01.png,17.598122482788426,4.951891622599833,12.646230860188593,FR
FRM_Corse,FRM,1,2023,11,output/FRM_Corse/2023/FRM_Corse_2023-11-01.png,5.598579693287214,12.791331231442651,-7.192751538155437,FR
FRM_Corse,FRM,1,2023,3,output/FRM_Corse/2023/FRM_Corse_2023-03-01.png,10.975792752831582,13.659417897636898,-2.6836251448053154,FR
FRM_Corse,FRM,1,2026,3,output/FRM_Corse/2026/FRM_Corse_2026-03-01.png,19.51384970043344,10.742372759254145,8.771476941179294,FR
FRM_Corse,FRM,1,2026,1,output/FRM_Corse/2026/FRM_Corse_2026-01-01.png,18.183630684461416,4.420089779297594,13.763540905163822,FR
FRM_Corse,FRM,1,2026,5,output/FRM_Corse/2026/FRM_Corse_2026-05-01.png,54.00202877499205,9.776534636231041,44.22549413876101,FR
FRM_Corse,FRM,1,2026,7,output/FRM_Corse/2026/FRM_Corse_2026-07-01.png,33.42076673289196,29.482662377028024,3.9381043558639384,FR
FRM_Corse,FRM,1,2026,2,output/FRM_Corse/2026/FRM_Corse_2026-02-01.png,11.793625067531064,8.274206134822018,3.519418932709046,FR
FRM_Corse,FRM,1,2026,4,output/FRM_Corse/2026/FRM_Corse_2026-04-01.png,26.416090946741654,10.990798485021278,15.425292461720376,FR
FRM_Corse,FRM,1,2026,6,output/FRM_Corse/2026/FRM_Corse_2026-06-01.png,51.648529738360054,19.82497313973938,31.823556598620673,FR
FRM_Corse,FRM,1,2021,7,output/FRM_Corse/2021/FRM_Corse_2021-07-01.png,27.621951585505663,28.593722802110406,-0.9717712166047434,FR
FRM_Corse,FRM,1,2021,9,output/FRM_Corse/2021/FRM_Corse_2021-09-01.png,7.853047993516824,28.361497133595464,-20.50844914007864,FR
FRM_Corse,FRM,1,2021,5,output/FRM_Corse/2021/FRM_Corse_2021-05-01.png,50.11614436714825,11.588626855458786,38.52751751168947,FR
FRM_Corse,FRM,1,2021,1,output/FRM_Corse/2021/FRM_Corse_2021-01-01.png,6.496881808850981,3.9525098587660485,2.5443719500849324,FR
FRM_Corse,FRM,1,2021,11,output/FRM_Corse/2021/FRM_Corse_2021-11-01.png,7.812302905436656,12.541971756536782,-4.729668851100126,FR
FRM_Corse,FRM,1,2021,3,output/FRM_Corse/2021/FRM_Corse_2021-03-01.png,13.595793593152584,14.605379254875363,-1.0095856617227792,FR
FRM_Corse,FRM,1,2021,6,output/FRM_Corse/2021/FRM_Corse_2021-06-01.png,54.17194374583586,16.182375856087297,37.989567889748564,FR
FRM_Corse,FRM,1,2021,8,output/FRM_Corse/2021/FRM_Corse_2021-08-01.png,16.82082555536215,35.138622953968415,-18.317797398606267,FR
FRM_Corse,FRM,1,2021,4,output/FRM_Corse/2021/FRM_Corse_2021-04-01.png,27.143997646959956,16.19755932121998,10.946438325739976,FR
FRM_Corse,FRM,1,2021,12,output/FRM_Corse/2021/FRM_Corse_2021-12-01.png,4.945289100436367,5.7682034537193205,-0.8229143532829539,FR
FRM_Corse,FRM,1,2021,10,output/FRM_Corse/2021/FRM_Corse_2021-10-01.png,5.95907636717226,24.268470555752298,-18.309394188580036,FR
FRM_Corse,FRM,1,2021,2,output/FRM_Corse/2021/FRM_Corse_2021-02-01.png,11.706271795826005,8.600685461846425,3.1055863339795806,FR
FRM_Corse,FRM,1,2020,1,output/FRM_Corse/2020/FRM_Corse_2020-01-01.png,7.445244083239798,10.428383642551454,-2.983139559311656,FR
FRM_Corse,FRM,1,2020,3,output/FRM_Corse/2020/FRM_Corse_2020-03-01.png,17.433659657989352,14.210428383642551,3.2232312743468015,FR
FRM_Corse,FRM,1,2020,11,output/FRM_Corse/2020/FRM_Corse_2020-11-01.png,7.481858069782657,11.00700467578615,-3.525146606003494,FR
FRM_Corse,FRM,1,2020,7,output/FRM_Corse/2020/FRM_Corse_2020-07-01.png,36.7706463869198,22.960570938098353,13.810075448821447,FR
FRM_Corse,FRM,1,2020,5,output/FRM_Corse/2020/FRM_Corse_2020-05-01.png,67.63383612539991,8.141510056841714,59.4923260685582,FR
FRM_Corse,FRM,1,2020,9,output/FRM_Corse/2020/FRM_Corse_2020-09-01.png,18.800981975114492,21.962989862127333,-3.162007887012841,FR
FRM_Corse,FRM,1,2020,12,output/FRM_Corse/2020/FRM_Corse_2020-12-01.png,13.347298668091211,4.3588650864630285,8.988433581628183,FR
FRM_Corse,FRM,1,2020,2,output/FRM_Corse/2020/FRM_Corse_2020-02-01.png,8.323379530980835,14.138400869132008,-5.815021338151173,FR
FRM_Corse,FRM,1,2020,10,output/FRM_Corse/2020/FRM_Corse_2020-10-01.png,18.7067459769632,11.565818142530446,7.140927834432755,FR
FRM_Corse,FRM,1,2020,6,output/FRM_Corse/2020/FRM_Corse_2020-06-01.png,56.00919551268585,13.10360557733054,42.90558993535531,FR
FRM_Corse,FRM,1,2020,4,output/FRM_Corse/2020/FRM_Corse_2020-04-01.png,19.86698918987053,15.890470159600968,3.9765190302695625,FR
FRM_Corse,FRM,1,2020,8,output/FRM_Corse/2020/FRM_Corse_2020-08-01.png,20.142494432873356,30.144115051949846,-10.00162061907649,FR
FR10_Ile-de-France,FR10,2,2022,12,output/FR10_Ile-de-France/2022/FR10_Ile-de-France_2022-12-01.png,17.438695150503545,22.767091982479528,-5.328396831975983,FR
FR10_Ile-de-France,FR10,2,2022,10,output/FR10_Ile-de-France/2022/FR10_Ile-de-France_2022-10-01.png,33.79481157381466,36.57321856483745,-2.778406991022784,FR
FR10_Ile-de-France,FR10,2,2022,2,output/FR10_Ile-de-France/2022/FR10_Ile-de-France_2022-02-01.png,14.798698124679598,48.78664504822423,-33.987946923544634,FR
FR10_Ile-de-France,FR10,2,2022,6,output/FR10_Ile-de-France/2022/FR10_Ile-de-France_2022-06-01.png,47.084490754539274,23.96577212413119,23.118718630408086,FR
FR10_Ile-de-France,FR10,2,2022,8,output/FR10_Ile-de-France/2022/FR10_Ile-de-France_2022-08-01.png,16.16554799175002,58.4842451626748,-42.31869717092478,FR
FR10_Ile-de-France,FR10,2,2022,4,output/FR10_Ile-de-France/2022/FR10_Ile-de-France_2022-04-01.png,68.59368899194955,17.87194978376139,50.721739208188154,FR
FR10_Ile-de-France,FR10,2,2022,1,output/FR10_Ile-de-France/2022/FR10_Ile-de-France_2022-01-01.png,9.683293792248358,41.725580896291085,-32.04228710404273,FR
FR10_Ile-de-France,FR10,2,2022,11,output/FR10_Ile-de-France/2022/FR10_Ile-de-France_2022-11-01.png,37.754325404673295,26.45733326141805,11.296992143255245,FR
FR10_Ile-de-France,FR10,2,2022,3,output/FR10_Ile-de-France/2022/FR10_Ile-de-France_2022-03-01.png,31.87895659223405,50.78029065677941,-18.901334064545356,FR
FR10_Ile-de-France,FR10,2,2022,7,output/FR10_Ile-de-France/2022/FR10_Ile-de-France_2022-07-01.png,22.633495869049465,53.83439239857414,-31.200896529524673,FR
FR10_Ile-de-France,FR10,2,2022,9,output/FR10_Ile-de-France/2022/FR10_Ile-de-France_2022-09-01.png,20.913160624232525,49.076050024439965,-28.16288940020744,FR
FR10_Ile-de-France,FR10,2,2022,5,output/FR10_Ile-de-France/2022/FR10_Ile-de-France_2022-05-01.png,62.6611503194669,14.530822142546072,48.13032817692083,FR
FR10_Ile-de-France,FR10,2,2025,4,output/FR10_Ile-de-France/2025/FR10_Ile-de-France_2025-04-01.png,59.953027575436046,23.982462833367112,35.97056474206893,FR
FR10_Ile-de-France,FR10,2,2025,8,output/FR10_Ile-de-France/2025/FR10_Ile-de-France_2025-08-01.png,29.140190035646587,42.75235756267958,-13.612167527032991,FR
FR10_Ile-de-France,FR10,2,2025,6,output/FR10_Ile-de-France/2025/FR10_Ile-de-France_2025-06-01.png,47.508911646538465,24.894490873758627,22.614420772779837,FR
FR10_Ile-de-France,FR10,2,2025,2,output/FR10_Ile-de-France/2025/FR10_Ile-de-France_2025-02-01.png,14.638050048283837,54.020374587202994,-39.38232453891916,FR
FR10_Ile-de-France,FR10,2,2025,10,output/FR10_Ile-de-France/2025/FR10_Ile-de-France_2025-10-01.png,36.702413028446074,31.117813967905768,5.584599060540306,FR
FR10_Ile-de-France,FR10,2,2025,12,output/FR10_Ile-de-France/2025/FR10_Ile-de-France_2025-12-01.png,23.90169172260041,29.099059359315206,-5.1973676367147945,FR
FR10_Ile-de-France,FR10,2,2025,5,output/FR10_Ile-de-France/2025/FR10_Ile-de-France_2025-05-01.png,64.7018324014354,12.300456610116955,52.40137579131844,FR
FR10_Ile-de-France,FR10,2,2025,9,output/FR10_Ile-de-France/2025/FR10_Ile-de-France_2025-09-01.png,35.08810595092378,34.3937015349457,0.6944044159780844,FR
FR10_Ile-de-France,FR10,2,2025,7,output/FR10_Ile-de-France/2025/FR10_Ile-de-France_2025-07-01.png,26.344794287008668,48.719286114522106,-22.374491827513438,FR
FR10_Ile-de-France,FR10,2,2025,3,output/FR10_Ile-de-France/2025/FR10_Ile-de-France_2025-03-01.png,21.489884238009513,55.35533327769764,-33.86544903968813,FR
FR10_Ile-de-France,FR10,2,2025,11,output/FR10_Ile-de-France/2025/FR10_Ile-de-France_2025-11-01.png,25.23291008645175,28.906643297969534,-3.673733211517785,FR
FR10_Ile-de-France,FR10,2,2025,1,output/FR10_Ile-de-France/2025/FR10_Ile-de-France_2025-01-01.png,15.196819180295131,49.332808760368515,-34.135989580073385,FR
FR10_Ile-de-France,FR10,2,2024,10,output/FR10_Ile-de-France/2024/FR10_Ile-de-France_2024-10-01.png,32.819569714275495,28.479156358607206,4.340413355668289,FR
FR10_Ile-de-France,FR10,2,2024,2,output/FR10_Ile-de-France/2024/FR10_Ile-de-France_2024-02-01.png,23.724593823106474,25.220526688558365,-1.4959328654518913,FR
FR10_Ile-de-France,FR10,2,2024,12,output/FR10_Ile-de-France/2024/FR10_Ile-de-France_2024-12-01.png,13.955039510914105,29.624810820187953,-15.669771309273848,FR
FR10_Ile-de-France,FR10,2,2024,8,output/FR10_Ile-de-France/2024/FR10_Ile-de-France_2024-08-01.png,36.19469712323704,36.910907378485675,-0.7162102552486331,FR
FR10_Ile-de-France,FR10,2,2024,4,output/FR10_Ile-de-France/2024/FR10_Ile-de-France_2024-04-01.png,66.75435462401154,13.239511434741505,53.51484318927004,FR
FR10_Ile-de-France,FR10,2,2024,6,output/FR10_Ile-de-France/2024/FR10_Ile-de-France_2024-06-01.png,63.29198090320416,12.193975044776835,51.09800585842733,FR
FR10_Ile-de-France,FR10,2,2024,11,output/FR10_Ile-de-France/2024/FR10_Ile-de-France_2024-11-01.png,18.081937243384182,35.40983606557377,-17.32789882218959,FR
FR10_Ile-de-France,FR10,2,2024,3,output/FR10_Ile-de-France/2024/FR10_Ile-de-France_2024-03-01.png,38.561541674124456,21.984965097547878,16.576576576576578,FR
FR10_Ile-de-France,FR10,2,2024,1,output/FR10_Ile-de-France/2024/FR10_Ile-de-France_2024-01-01.png,10.563004439514962,29.436160728927213,-18.87315628941225,FR
FR10_Ile-de-France,FR10,2,2024,9,output/FR10_Ile-de-France/2024/FR10_Ile-de-France_2024-09-01.png,41.18927688458246,30.46168803476155,10.727588849820911,FR
FR10_Ile-de-France,FR10,2,2024,5,output/FR10_Ile-de-France/2024/FR10_Ile-de-France_2024-05-01.png,69.68533552855683,9.44241796298399,60.242917565572846,FR
FR10_Ile-de-France,FR10,2,2024,7,output/FR10_Ile-de-France/2024/FR10_Ile-de-France_2024-07-01.png,40.09900399238523,36.830201290214774,3.268802702170454,FR
FR10_Ile-de-France,FR10,2,2023,6,output/FR10_Ile-de-France/2023/FR10_Ile-de-France_2023-06-01.png,50.13322762550817,21.911920742975,28.22130688253317,FR
FR10_Ile-de-France,FR10,2,2023,4,output/FR10_Ile-de-France/2023/FR10_Ile-de-France_2023-04-01.png,48.659072348694835,23.53344420799132,25.125628140703515,FR
FR10_Ile-de-France,FR10,2,2023,8,output/FR10_Ile-de-France/2023/FR10_Ile-de-France_2023-08-01.png,41.11955225194327,31.87746417742381,9.242088074519458,FR
FR10_Ile-de-France,FR10,2,2023,12,output/FR10_Ile-de-France/2023/FR10_Ile-de-France_2023-12-01.png,16.478071102600133,30.02182320098484,-13.543752098384708,FR
FR10_Ile-de-France,FR10,2,2023,2,output/FR10_Ile-de-France/2023/FR10_Ile-de-France_2023-02-01.png,33.46964079209337,39.34715483017203,-5.877514038078658,FR
FR10_Ile-de-France,FR10,2,2023,10,output/FR10_Ile-de-France/2023/FR10_Ile-de-France_2023-10-01.png,41.467470999892704,34.8203960466863,6.647074953206406,FR
FR10_Ile-de-France,FR10,2,2023,7,output/FR10_Ile-de-France/2023/FR10_Ile-de-France_2023-07-01.png,30.19409859683716,45.87857162479359,-15.684473027956425,FR
FR10_Ile-de-France,FR10,2,2023,5,output/FR10_Ile-de-France/2023/FR10_Ile-de-France_2023-05-01.png,70.24583030317481,10.949105258765602,59.296725044409214,FR
FR10_Ile-de-France,FR10,2,2023,9,output/FR10_Ile-de-France/2023/FR10_Ile-de-France_2023-09-01.png,31.442315716687133,38.29534209992966,-6.853026383242529,FR
FR10_Ile-de-France,FR10,2,2023,1,output/FR10_Ile-de-France/2023/FR10_Ile-de-France_2023-01-01.png,19.626664977049366,21.309594210244715,-1.682929233195349,FR
FR10_Ile-de-France,FR10,2,2023,3,output/FR10_Ile-de-France/2023/FR10_Ile-de-France_2023-03-01.png,24.27041961664652,23.618237659422256,0.6521819572242649,FR
FR10_Ile-de-France,FR10,2,2023,11,output/FR10_Ile-de-France/2023/FR10_Ile-de-France_2023-11-01.png,27.52771865815344,20.171480693219824,7.356237964933616,FR
FR10_Ile-de-France,FR10,2,2017,2,output/FR10_Ile-de-France/2017/FR10_Ile-de-France_2017-02-01.png,5.164942196123823,61.69663904690654,-56.531696850782716,FR
FR10_Ile-de-France,FR10,2,2017,4,output/FR10_Ile-de-France/2017/FR10_Ile-de-France_2017-04-01.png,56.33206840656924,17.407298041038917,38.92477036553032,FR
FR10_Ile-de-France,FR10,2,2017,1,output/FR10_Ile-de-France/2017/FR10_Ile-de-France_2017-01-01.png,3.413521571825387,73.43690272928825,-70.02338115746286,FR
FR10_Ile-de-France,FR10,2,2026,3,output/FR10_Ile-de-France/2026/FR10_Ile-de-France_2026-03-01.png,47.193576461331205,29.92405727297655,17.269519188354653,FR
FR10_Ile-de-France,FR10,2,2026,1,output/FR10_Ile-de-France/2026/FR10_Ile-de-France_2026-01-01.png,22.383135230510618,34.80549362772565,-12.422358397215035,FR
FR10_Ile-de-France,FR10,2,2026,5,output/FR10_Ile-de-France/2026/FR10_Ile-de-France_2026-05-01.png,59.98611094552868,10.489812706398503,49.49629823913018,FR
FR10_Ile-de-France,FR10,2,2026,7,output/FR10_Ile-de-France/2026/FR10_Ile-de-France_2026-07-01.png,16.40875546918776,62.995207382062254,-46.586451912874494,FR
FR10_Ile-de-France,FR10,2,2026,2,output/FR10_Ile-de-France/2026/FR10_Ile-de-France_2026-02-01.png,32.21421098595831,28.978155057660036,3.236055928298274,FR
FR10_Ile-de-France,FR10,2,2026,4,output/FR10_Ile-de-France/2026/FR10_Ile-de-France_2026-04-01.png,62.45305738027397,15.462451865186758,46.99060551508721,FR
FR10_Ile-de-France,FR10,2,2026,6,output/FR10_Ile-de-France/2026/FR10_Ile-de-France_2026-06-01.png,34.11580967822697,38.259576294424114,-4.143766616197148,FR
FR10_Ile-de-France,FR10,2,2019,7,output/FR10_Ile-de-France/2019/FR10_Ile-de-France_2019-07-01.png,22.563156451555216,54.15270806757353,-31.589551616018312,FR
FR10_Ile-de-France,FR10,2,2019,5,output/FR10_Ile-de-France/2019/FR10_Ile-de-France_2019-05-01.png,65.80717321601671,13.581090149876967,52.226083066139736,FR
FR10_Ile-de-France,FR10,2,2019,9,output/FR10_Ile-de-France/2019/FR10_Ile-de-France_2019-09-01.png,20.229900819498642,51.836195666107216,-31.606294846608574,FR
FR10_Ile-de-France,FR10,2,2019,1,output/FR10_Ile-de-France/2019/FR10_Ile-de-France_2019-01-01.png,9.165248756890742,53.76113696858392,-44.59588821169318,FR
FR10_Ile-de-France,FR10,2,2019,3,output/FR10_Ile-de-France/2019/FR10_Ile-de-France_2019-03-01.png,34.52771253829922,43.96153983714637,-9.433827298847149,FR
FR10_Ile-de-France,FR10,2,2019,11,output/FR10_Ile-de-France/2019/FR10_Ile-de-France_2019-11-01.png,28.78250009687063,38.925004247404615,-10.142504150533984,FR
FR10_Ile-de-France,FR10,2,2019,6,output/FR10_Ile-de-France/2019/FR10_Ile-de-France_2019-06-01.png,57.69441695776058,13.052134622491923,44.64228233526866,FR
FR10_Ile-de-France,FR10,2,2019,4,output/FR10_Ile-de-France/2019/FR10_Ile-de-France_2019-04-01.png,56.14873806316241,27.812682554632268,28.336055508530144,FR
FR10_Ile-de-France,FR10,2,2019,8,output/FR10_Ile-de-France/2019/FR10_Ile-de-France_2019-08-01.png,32.4246831745729,46.72087173189952,-14.296188557326623,FR
FR10_Ile-de-France,FR10,2,2019,12,output/FR10_Ile-de-France/2019/FR10_Ile-de-France_2019-12-01.png,13.258002300062293,40.15555369207916,-26.897551392016865,FR
FR10_Ile-de-France,FR10,2,2019,2,output/FR10_Ile-de-France/2019/FR10_Ile-de-France_2019-02-01.png,6.331739767999141,64.8726141227244,-58.54087435472526,FR
FR10_Ile-de-France,FR10,2,2019,10,output/FR10_Ile-de-France/2019/FR10_Ile-de-France_2019-10-01.png,43.771274598055406,30.127215389843037,13.644059208212369,FR
FR10_Ile-de-France,FR10,2,2021,7,output/FR10_Ile-de-France/2021/FR10_Ile-de-France_2021-07-01.png,38.818417005448325,36.76456562429213,2.0538513811561927,FR
FR10_Ile-de-France,FR10,2,2021,5,output/FR10_Ile-de-France/2021/FR10_Ile-de-France_2021-05-01.png,58.527678174404194,13.539330980696393,44.9883471937078,FR
FR10_Ile-de-France,FR10,2,2021,9,output/FR10_Ile-de-France/2021/FR10_Ile-de-France_2021-09-01.png,28.065725628584033,41.55479917500209,-13.489073546418055,FR
FR10_Ile-de-France,FR10,2,2021,1,output/FR10_Ile-de-France/2021/FR10_Ile-de-France_2021-01-01.png,20.202007782770938,33.464378146766094,-13.262370363995156,FR
FR10_Ile-de-France,FR10,2,2021,3,output/FR10_Ile-de-France/2021/FR10_Ile-de-France_2021-03-01.png,29.5997806363929,47.39475911729992,-17.79497848090702,FR
FR10_Ile-de-France,FR10,2,2021,11,output/FR10_Ile-de-France/2021/FR10_Ile-de-France_2021-11-01.png,24.294633227506797,37.26390302441099,-12.969269796904197,FR
FR10_Ile-de-France,FR10,2,2021,6,output/FR10_Ile-de-France/2021/FR10_Ile-de-France_2021-06-01.png,56.199406287628605,10.992620322130689,45.206785965497915,FR
FR10_Ile-de-France,FR10,2,2021,4,output/FR10_Ile-de-France/2021/FR10_Ile-de-France_2021-04-01.png,54.118432503964044,25.357360006676284,28.76107249728776,FR
FR10_Ile-de-France,FR10,2,2021,8,output/FR10_Ile-de-France/2021/FR10_Ile-de-France_2021-08-01.png,37.94290129927698,35.410838689581226,2.532062609695757,FR
FR10_Ile-de-France,FR10,2,2021,12,output/FR10_Ile-de-France/2021/FR10_Ile-de-France_2021-12-01.png,8.238653298203364,44.97162579429893,-36.73297249609557,FR
FR10_Ile-de-France,FR10,2,2021,2,output/FR10_Ile-de-France/2021/FR10_Ile-de-France_2021-02-01.png,15.464538203841247,58.459507147200135,-42.994968943358884,FR
FR10_Ile-de-France,FR10,2,2021,10,output/FR10_Ile-de-France/2021/FR10_Ile-de-France_2021-10-01.png,37.87233915723338,33.103536663149676,4.768802494083701,FR
FR10_Ile-de-France,FR10,2,2020,1,output/FR10_Ile-de-France/2020/FR10_Ile-de-France_2020-01-01.png,11.079352400481646,44.07599041476413,-32.99663801428248,FR
FR10_Ile-de-France,FR10,2,2020,11,output/FR10_Ile-de-France/2020/FR10_Ile-de-France_2020-11-01.png,23.010229020374588,35.08059228173917,-12.070363261364584,FR
FR10_Ile-de-France,FR10,2,2020,3,output/FR10_Ile-de-France/2020/FR10_Ile-de-France_2020-03-01.png,36.15088401149274,41.95358790638897,-5.802703894896226,FR
FR10_Ile-de-France,FR10,2,2020,7,output/FR10_Ile-de-France/2020/FR10_Ile-de-France_2020-07-01.png,18.388851628288247,58.03413071018705,-39.645279081898806,FR
FR10_Ile-de-France,FR10,2,2020,9,output/FR10_Ile-de-France/2020/FR10_Ile-de-France_2020-09-01.png,20.293518043848877,56.13622003123547,-35.84270198738659,FR
FR10_Ile-de-France,FR10,2,2020,5,output/FR10_Ile-de-France/2020/FR10_Ile-de-France_2020-05-01.png,49.0399861705552,18.711775295365943,30.32821087518926,FR
FR10_Ile-de-France,FR10,2,2020,12,output/FR10_Ile-de-France/2020/FR10_Ile-de-France_2020-12-01.png,15.804732254047323,31.631714404317144,-15.82698215026982,FR
FR10_Ile-de-France,FR10,2,2020,10,output/FR10_Ile-de-France/2020/FR10_Ile-de-France_2020-10-01.png,34.42713288312876,20.961025593037945,13.466107290090818,FR
FR10_Ile-de-France,FR10,2,2020,2,output/FR10_Ile-de-France/2020/FR10_Ile-de-France_2020-02-01.png,17.93287067609591,42.98750105058412,-25.054630374488212,FR
FR10_Ile-de-France,FR10,2,2020,6,output/FR10_Ile-de-France/2020/FR10_Ile-de-France_2020-06-01.png,35.925857485186995,33.45116179258217,2.4746956926048256,FR
FR10_Ile-de-France,FR10,2,2020,8,output/FR10_Ile-de-France/2020/FR10_Ile-de-France_2020-08-01.png,18.284640252612586,61.31148033982407,-43.02684008721148,FR
FR10_Ile-de-France,FR10,2,2020,4,output/FR10_Ile-de-France/2020/FR10_Ile-de-France_2020-04-01.png,53.591184921136396,29.806626211566662,23.784558709569733,FR
FR10_Ile-de-France,FR10,2,2018,11,output/FR10_Ile-de-France/2018/FR10_Ile-de-France_2018-11-01.png,15.061327287991247,55.15364402593112,-40.092316737939875,FR
FR10_Ile-de-France,FR10,2,2018,7,output/FR10_Ile-de-France/2018/FR10_Ile-de-France_2018-07-01.png,24.992922826851252,52.29041674657024,-27.297493919718985,FR
FR10_Ile-de-France,FR10,2,2018,9,output/FR10_Ile-de-France/2018/FR10_Ile-de-France_2018-09-01.png,19.89436777321895,57.430511003356955,-37.53614323013801,FR
FR10_Ile-de-France,FR10,2,2018,5,output/FR10_Ile-de-France/2018/FR10_Ile-de-France_2018-05-01.png,60.1595751022306,14.955769620524803,45.20380548170579,FR
FR10_Ile-de-France,FR10,2,2018,12,output/FR10_Ile-de-France/2018/FR10_Ile-de-France_2018-12-01.png,7.404179528297701,44.70967046758235,-37.305490939284645,FR
FR10_Ile-de-France,FR10,2,2018,10,output/FR10_Ile-de-France/2018/FR10_Ile-de-France_2018-10-01.png,14.517936551461034,57.48131236662335,-42.963375815162316,FR
FR10_Ile-de-France,FR10,2,2018,6,output/FR10_Ile-de-France/2018/FR10_Ile-de-France_2018-06-01.png,45.58067448549245,21.9501363575399,23.63053812795255,FR
FR10_Ile-de-France,FR10,2,2018,8,output/FR10_Ile-de-France/2018/FR10_Ile-de-France_2018-08-01.png,14.826118575567186,60.6212520416314,-45.795133466064215,FR
FR10_Ile-de-France,FR10,2,2018,4,output/FR10_Ile-de-France/2018/FR10_Ile-de-France_2018-04-01.png,60.0072723804528,20.564145972174202,39.443126408278594,FR
FR10_Ile-de-France,FR10,2,2016,8,output/FR10_Ile-de-France/2016/FR10_Ile-de-France_2016-08-01.png,14.129797242124875,51.53592253108072,-37.40612528895585,FR
FR10_Ile-de-France,FR10,2,2016,12,output/FR10_Ile-de-France/2016/FR10_Ile-de-France_2016-12-01.png,7.259192033162452,44.395557899384336,-37.13636586622189,FR
FR10_Ile-de-France,FR10,2,2016,10,output/FR10_Ile-de-France/2016/FR10_Ile-de-France_2016-10-01.png,16.635969891930532,44.414448509314155,-27.778478617383623,FR
FR10_Ile-de-France,FR10,2,2016,5,output/FR10_Ile-de-France/2016/FR10_Ile-de-France_2016-05-01.png,59.02067540427903,11.962364031065347,47.058311373213684,FR
FR10_Ile-de-France,FR10,2,2016,9,output/FR10_Ile-de-France/2016/FR10_Ile-de-France_2016-09-01.png,21.72022460257493,51.903047542853756,-30.182822940278825,FR
FR10_Ile-de-France,FR10,2,2016,1,output/FR10_Ile-de-France/2016/FR10_Ile-de-France_2016-01-01.png,20.65337693371903,20.118224122751855,0.5351528109671762,FR
FR10_Ile-de-France,FR10,2,2016,3,output/FR10_Ile-de-France/2016/FR10_Ile-de-France_2016-03-01.png,51.4686068445163,28.316307782758873,23.15229906175743,FR
FR10_Ile-de-France,FR10,2,2016,11,output/FR10_Ile-de-France/2016/FR10_Ile-de-France_2016-11-01.png,7.617188687620472,46.7192031959722,-39.10201450835173,FR
FRC_Bourgogne-Franche-Comté,FRC,1,2022,1,output/FRC_Bourgogne-Franche-Comté/2022/FRC_Bourgogne-Franche-Comté_2022-01-01.png,18.10914062256026,24.806295693570718,-6.697155071010457,FR
FRC_Bourgogne-Franche-Comté,FRC,1,2022,3,output/FRC_Bourgogne-Franche-Comté/2022/FRC_Bourgogne-Franche-Comté_2022-03-01.png,36.47044211784215,41.006085791874646,-4.5356436740324995,FR
FRC_Bourgogne-Franche-Comté,FRC,1,2022,11,output/FRC_Bourgogne-Franche-Comté/2022/FRC_Bourgogne-Franche-Comté_2022-11-01.png,55.92380736629477,4.83660871042646,51.087198655868306,FR
FRC_Bourgogne-Franche-Comté,FRC,1,2022,7,output/FRC_Bourgogne-Franche-Comté/2022/FRC_Bourgogne-Franche-Comté_2022-07-01.png,40.53211237063916,26.830520934385564,13.701591436253597,FR
FRC_Bourgogne-Franche-Comté,FRC,1,2022,5,output/FRC_Bourgogne-Franche-Comté/2022/FRC_Bourgogne-Franche-Comté_2022-05-01.png,85.07492748952626,5.639703512729617,79.43522397679665,FR
FRC_Bourgogne-Franche-Comté,FRC,1,2022,9,output/FRC_Bourgogne-Franche-Comté/2022/FRC_Bourgogne-Franche-Comté_2022-09-01.png,34.89201238765683,27.766750801187545,7.125261586469282,FR
FRC_Bourgogne-Franche-Comté,FRC,1,2022,12,output/FRC_Bourgogne-Franche-Comté/2022/FRC_Bourgogne-Franche-Comté_2022-12-01.png,35.81916470788386,8.291814081709887,27.52735062617397,FR
FRC_Bourgogne-Franche-Comté,FRC,1,2022,2,output/FRC_Bourgogne-Franche-Comté/2022/FRC_Bourgogne-Franche-Comté_2022-02-01.png,19.658943578237416,32.52564472897535,-12.866701150737935,FR
FRC_Bourgogne-Franche-Comté,FRC,1,2022,10,output/FRC_Bourgogne-Franche-Comté/2022/FRC_Bourgogne-Franche-Comté_2022-10-01.png,54.56285189574653,13.439941447233684,41.12291044851285,FR
FRC_Bourgogne-Franche-Comté,FRC,1,2022,6,output/FRC_Bourgogne-Franche-Comté/2022/FRC_Bourgogne-Franche-Comté_2022-06-01.png,46.92068330049311,19.51347232525587,27.40721097523724,FR
FRC_Bourgogne-Franche-Comté,FRC,1,2022,4,output/FRC_Bourgogne-Franche-Comté/2022/FRC_Bourgogne-Franche-Comté_2022-04-01.png,77.82443773078214,9.84927828130245,67.97515944947969,FR
FRC_Bourgogne-Franche-Comté,FRC,1,2022,8,output/FRC_Bourgogne-Franche-Comté/2022/FRC_Bourgogne-Franche-Comté_2022-08-01.png,13.445806912895636,55.66032352378427,-42.21451661088864,FR
FRC_Bourgogne-Franche-Comté,FRC,1,2025,9,output/FRC_Bourgogne-Franche-Comté/2025/FRC_Bourgogne-Franche-Comté_2025-09-01.png,49.79741864017053,13.330759805978415,36.46665883419211,FR
FRC_Bourgogne-Franche-Comté,FRC,1,2025,5,output/FRC_Bourgogne-Franche-Comté/2025/FRC_Bourgogne-Franche-Comté_2025-05-01.png,79.97730835462073,4.887766987684076,75.08954136693666,FR
FRC_Bourgogne-Franche-Comté,FRC,1,2025,7,output/FRC_Bourgogne-Franche-Comté/2025/FRC_Bourgogne-Franche-Comté_2025-07-01.png,31.17638173243148,40.17018848290562,-8.993806750474143,FR
FRC_Bourgogne-Franche-Comté,FRC,1,2025,11,output/FRC_Bourgogne-Franche-Comté/2025/FRC_Bourgogne-Franche-Comté_2025-11-01.png,43.3551878447289,23.097297896125607,20.257889948603296,FR
FRC_Bourgogne-Franche-Comté,FRC,1,2025,3,output/FRC_Bourgogne-Franche-Comté/2025/FRC_Bourgogne-Franche-Comté_2025-03-01.png,40.07290865941384,31.819326165548308,8.253582493865533,FR
FRC_Bourgogne-Franche-Comté,FRC,1,2025,1,output/FRC_Bourgogne-Franche-Comté/2025/FRC_Bourgogne-Franche-Comté_2025-01-01.png,29.110702434465114,26.371298796047565,2.7394036384175493,FR
FRC_Bourgogne-Franche-Comté,FRC,1,2025,8,output/FRC_Bourgogne-Franche-Comté/2025/FRC_Bourgogne-Franche-Comté_2025-08-01.png,30.818006961904217,37.53218286243693,-6.714175900532716,FR
FRC_Bourgogne-Franche-Comté,FRC,1,2025,4,output/FRC_Bourgogne-Franche-Comté/2025/FRC_Bourgogne-Franche-Comté_2025-04-01.png,65.81651320714182,13.166860798839906,52.64965240830192,FR
FRC_Bourgogne-Franche-Comté,FRC,1,2025,6,output/FRC_Bourgogne-Franche-Comté/2025/FRC_Bourgogne-Franche-Comté_2025-06-01.png,43.748216725353885,24.855407895752702,18.892808829601183,FR
FRC_Bourgogne-Franche-Comté,FRC,1,2025,10,output/FRC_Bourgogne-Franche-Comté/2025/FRC_Bourgogne-Franche-Comté_2025-10-01.png,49.06077908037434,13.32781512888949,35.73296395148485,FR
FRC_Bourgogne-Franche-Comté,FRC,1,2025,2,output/FRC_Bourgogne-Franche-Comté/2025/FRC_Bourgogne-Franche-Comté_2025-02-01.png,26.753285152220734,37.19588612592271,-10.442600973701978,FR
FRC_Bourgogne-Franche-Comté,FRC,1,2025,12,output/FRC_Bourgogne-Franche-Comté/2025/FRC_Bourgogne-Franche-Comté_2025-12-01.png,37.51338565599881,15.351483605112982,22.16190205088583,FR
FRC_Bourgogne-Franche-Comté,FRC,1,2024,3,output/FRC_Bourgogne-Franche-Comté/2024/FRC_Bourgogne-Franche-Comté_2024-03-01.png,53.42722341602521,18.6387955704865,34.788427845538706,FR
FRC_Bourgogne-Franche-Comté,FRC,1,2024,11,output/FRC_Bourgogne-Franche-Comté/2024/FRC_Bourgogne-Franche-Comté_2024-11-01.png,37.798857350140565,10.598349505758593,27.200507844381974,FR
FRC_Bourgogne-Franche-Comté,FRC,1,2024,1,output/FRC_Bourgogne-Franche-Comté/2024/FRC_Bourgogne-Franche-Comté_2024-01-01.png,24.055849945327612,21.755908823282024,2.2999411220455883,FR
FRC_Bourgogne-Franche-Comté,FRC,1,2024,5,output/FRC_Bourgogne-Franche-Comté/2024/FRC_Bourgogne-Franche-Comté_2024-05-01.png,85.99893522867151,3.8911627370726927,82.10777249159882,FR
FRC_Bourgogne-Franche-Comté,FRC,1,2024,9,output/FRC_Bourgogne-Franche-Comté/2024/FRC_Bourgogne-Franche-Comté_2024-09-01.png,53.22732061811109,13.214893559541819,40.012427058569266,FR
FRC_Bourgogne-Franche-Comté,FRC,1,2024,7,output/FRC_Bourgogne-Franche-Comté/2024/FRC_Bourgogne-Franche-Comté_2024-07-01.png,61.2392632678632,17.33799585479,43.9012674130732,FR
FRC_Bourgogne-Franche-Comté,FRC,1,2024,2,output/FRC_Bourgogne-Franche-Comté/2024/FRC_Bourgogne-Franche-Comté_2024-02-01.png,33.1816311675159,11.990378833433553,21.19125233408235,FR
FRC_Bourgogne-Franche-Comté,FRC,1,2024,10,output/FRC_Bourgogne-Franche-Comté/2024/FRC_Bourgogne-Franche-Comté_2024-10-01.png,42.297515479797894,12.283055309309452,30.01446017048844,FR
FRC_Bourgogne-Franche-Comté,FRC,1,2024,12,output/FRC_Bourgogne-Franche-Comté/2024/FRC_Bourgogne-Franche-Comté_2024-12-01.png,24.81837387208097,12.27009696932585,12.548276902755118,FR
FRC_Bourgogne-Franche-Comté,FRC,1,2024,4,output/FRC_Bourgogne-Franche-Comté/2024/FRC_Bourgogne-Franche-Comté_2024-04-01.png,78.64127879642689,4.767277856135402,73.87400094029148,FR
FRC_Bourgogne-Franche-Comté,FRC,1,2024,8,output/FRC_Bourgogne-Franche-Comté/2024/FRC_Bourgogne-Franche-Comté_2024-08-01.png,50.734960910619755,18.314776087839494,32.42018482278026,FR
FRC_Bourgogne-Franche-Comté,FRC,1,2024,6,output/FRC_Bourgogne-Franche-Comté/2024/FRC_Bourgogne-Franche-Comté_2024-06-01.png,71.00297981394661,7.603234073466203,63.399745740480405,FR
FRC_Bourgogne-Franche-Comté,FRC,1,2023,7,output/FRC_Bourgogne-Franche-Comté/2023/FRC_Bourgogne-Franche-Comté_2023-07-01.png,46.35717892610672,32.94462211748864,13.412556808618078,FR
FRC_Bourgogne-Franche-Comté,FRC,1,2023,9,output/FRC_Bourgogne-Franche-Comté/2023/FRC_Bourgogne-Franche-Comté_2023-09-01.png,28.583416972410852,31.500099024192114,-2.9166820517812617,FR
FRC_Bourgogne-Franche-Comté,FRC,1,2023,5,output/FRC_Bourgogne-Franche-Comté/2023/FRC_Bourgogne-Franche-Comté_2023-05-01.png,84.52097195458482,4.512646286684975,80.00832566789985,FR
FRC_Bourgogne-Franche-Comté,FRC,1,2023,1,output/FRC_Bourgogne-Franche-Comté/2023/FRC_Bourgogne-Franche-Comté_2023-01-01.png,32.37847495376052,7.758792493994986,24.61968245976553,FR
FRC_Bourgogne-Franche-Comté,FRC,1,2023,11,output/FRC_Bourgogne-Franche-Comté/2023/FRC_Bourgogne-Franche-Comté_2023-11-01.png,34.39352552960062,12.931803317676437,21.461722211924187,FR
FRC_Bourgogne-Franche-Comté,FRC,1,2023,3,output/FRC_Bourgogne-Franche-Comté/2023/FRC_Bourgogne-Franche-Comté_2023-03-01.png,46.00080144945902,23.267721794287787,22.73307965517123,FR
FRC_Bourgogne-Franche-Comté,FRC,1,2023,6,output/FRC_Bourgogne-Franche-Comté/2023/FRC_Bourgogne-Franche-Comté_2023-06-01.png,56.71750010909665,18.878419340653437,37.83908076844321,FR
FRC_Bourgogne-Franche-Comté,FRC,1,2023,8,output/FRC_Bourgogne-Franche-Comté/2023/FRC_Bourgogne-Franche-Comté_2023-08-01.png,47.56053109411598,21.5296293546275,26.03090173948848,FR
FRC_Bourgogne-Franche-Comté,FRC,1,2023,4,output/FRC_Bourgogne-Franche-Comté/2023/FRC_Bourgogne-Franche-Comté_2023-04-01.png,61.27778771953531,10.5135911941187,50.76419652541661,FR
FRC_Bourgogne-Franche-Comté,FRC,1,2023,12,output/FRC_Bourgogne-Franche-Comté/2023/FRC_Bourgogne-Franche-Comté_2023-12-01.png,26.50350883379765,14.502944599217125,12.000564234580525,FR
FRC_Bourgogne-Franche-Comté,FRC,1,2023,10,output/FRC_Bourgogne-Franche-Comté/2023/FRC_Bourgogne-Franche-Comté_2023-10-01.png,38.40594547962955,25.93426807695019,12.471677402679362,FR
FRC_Bourgogne-Franche-Comté,FRC,1,2023,2,output/FRC_Bourgogne-Franche-Comté/2023/FRC_Bourgogne-Franche-Comté_2023-02-01.png,45.06775604467166,18.791099235667506,26.276656809004155,FR
FRC_Bourgogne-Franche-Comté,FRC,1,2026,2,output/FRC_Bourgogne-Franche-Comté/2026/FRC_Bourgogne-Franche-Comté_2026-02-01.png,36.24156002939823,21.674668754765193,14.566891274633036,FR
FRC_Bourgogne-Franche-Comté,FRC,1,2026,4,output/FRC_Bourgogne-Franche-Comté/2026/FRC_Bourgogne-Franche-Comté_2026-04-01.png,76.35671535076384,6.713504550077709,69.64321080068612,FR
FRC_Bourgogne-Franche-Comté,FRC,1,2026,6,output/FRC_Bourgogne-Franche-Comté/2026/FRC_Bourgogne-Franche-Comté_2026-06-01.png,32.00529024158546,38.170301469921824,-6.165011228336361,FR
FRC_Bourgogne-Franche-Comté,FRC,1,2026,3,output/FRC_Bourgogne-Franche-Comté/2026/FRC_Bourgogne-Franche-Comté_2026-03-01.png,54.45457810659031,22.452308942052387,32.00226916453792,FR
FRC_Bourgogne-Franche-Comté,FRC,1,2026,1,output/FRC_Bourgogne-Franche-Comté/2026/FRC_Bourgogne-Franche-Comté_2026-01-01.png,25.490930767265606,16.272843396065742,9.218087371199864,FR
FRC_Bourgogne-Franche-Comté,FRC,1,2026,5,output/FRC_Bourgogne-Franche-Comté/2026/FRC_Bourgogne-Franche-Comté_2026-05-01.png,68.99670031251364,5.253652985663311,63.74304732685033,FR
FRC_Bourgogne-Franche-Comté,FRC,1,2026,7,output/FRC_Bourgogne-Franche-Comté/2026/FRC_Bourgogne-Franche-Comté_2026-07-01.png,16.287969064171033,59.57631072784459,-43.28834166367356,FR
FRC_Bourgogne-Franche-Comté,FRC,1,2021,6,output/FRC_Bourgogne-Franche-Comté/2021/FRC_Bourgogne-Franche-Comté_2021-06-01.png,72.43257940424161,4.855894141104912,67.5766852631367,FR
FRC_Bourgogne-Franche-Comté,FRC,1,2021,8,output/FRC_Bourgogne-Franche-Comté/2021/FRC_Bourgogne-Franche-Comté_2021-08-01.png,58.3813391255076,15.507332406945213,42.874006718562384,FR
FRC_Bourgogne-Franche-Comté,FRC,1,2021,4,output/FRC_Bourgogne-Franche-Comté/2021/FRC_Bourgogne-Franche-Comté_2021-04-01.png,64.6993860500089,18.525915805939437,46.17347024406946,FR
FRC_Bourgogne-Franche-Comté,FRC,1,2021,12,output/FRC_Bourgogne-Franche-Comté/2021/FRC_Bourgogne-Franche-Comté_2021-12-01.png,17.021269105937186,22.129093123622717,-5.10782401768553,FR
FRC_Bourgogne-Franche-Comté,FRC,1,2021,10,output/FRC_Bourgogne-Franche-Comté/2021/FRC_Bourgogne-Franche-Comté_2021-10-01.png,38.46569567012524,18.326860396029634,20.13883527409561,FR
FRC_Bourgogne-Franche-Comté,FRC,1,2021,2,output/FRC_Bourgogne-Franche-Comté/2021/FRC_Bourgogne-Franche-Comté_2021-02-01.png,33.58027840903369,33.534290902865656,0.045987506168032155,FR
FRC_Bourgogne-Franche-Comté,FRC,1,2021,7,output/FRC_Bourgogne-Franche-Comté/2021/FRC_Bourgogne-Franche-Comté_2021-07-01.png,60.70149409043762,14.61597075597418,46.08552333446344,FR
FRC_Bourgogne-Franche-Comté,FRC,1,2021,9,output/FRC_Bourgogne-Franche-Comté/2021/FRC_Bourgogne-Franche-Comté_2021-09-01.png,42.318688665584865,18.63222364446953,23.686465021115335,FR
FRC_Bourgogne-Franche-Comté,FRC,1,2021,5,output/FRC_Bourgogne-Franche-Comté/2021/FRC_Bourgogne-Franche-Comté_2021-05-01.png,86.84191366392655,3.9385502945245134,82.90336336940203,FR
FRC_Bourgogne-Franche-Comté,FRC,1,2021,1,output/FRC_Bourgogne-Franche-Comté/2021/FRC_Bourgogne-Franche-Comté_2021-01-01.png,23.98697339835297,16.778552023502304,7.208421374850666,FR
FRC_Bourgogne-Franche-Comté,FRC,1,2021,11,output/FRC_Bourgogne-Franche-Comté/2021/FRC_Bourgogne-Franche-Comté_2021-11-01.png,34.957694859779345,21.38429432413198,13.573400535647366,FR
FRC_Bourgogne-Franche-Comté,FRC,1,2021,3,output/FRC_Bourgogne-Franche-Comté/2021/FRC_Bourgogne-Franche-Comté_2021-03-01.png,43.030207413723076,32.089209048461434,10.940998365261642,FR
FRC_Bourgogne-Franche-Comté,FRC,1,2020,12,output/FRC_Bourgogne-Franche-Comté/2020/FRC_Bourgogne-Franche-Comté_2020-12-01.png,32.51190248045062,13.207525899872614,19.30437658057801,FR
FRC_Bourgogne-Franche-Comté,FRC,1,2020,2,output/FRC_Bourgogne-Franche-Comté/2020/FRC_Bourgogne-Franche-Comté_2020-02-01.png,27.171078028230475,21.669995468354006,5.501082559876469,FR
FRC_Bourgogne-Franche-Comté,FRC,1,2020,10,output/FRC_Bourgogne-Franche-Comté/2020/FRC_Bourgogne-Franche-Comté_2020-10-01.png,50.91709961599277,12.396280400572246,38.520819215420524,FR
FRC_Bourgogne-Franche-Comté,FRC,1,2020,6,output/FRC_Bourgogne-Franche-Comté/2020/FRC_Bourgogne-Franche-Comté_2020-06-01.png,60.8748930739046,11.98319053890752,48.89170253499708,FR
FRC_Bourgogne-Franche-Comté,FRC,1,2020,4,output/FRC_Bourgogne-Franche-Comté/2020/FRC_Bourgogne-Franche-Comté_2020-04-01.png,67.56974492039463,14.97615027508585,52.59359464530878,FR
FRC_Bourgogne-Franche-Comté,FRC,1,2020,8,output/FRC_Bourgogne-Franche-Comté/2020/FRC_Bourgogne-Franche-Comté_2020-08-01.png,15.2138083361586,53.12161177817238,-37.90780344201378,FR
FRC_Bourgogne-Franche-Comté,FRC,1,2020,1,output/FRC_Bourgogne-Franche-Comté/2020/FRC_Bourgogne-Franche-Comté_2020-01-01.png,20.871925001762175,21.296257136815395,-0.42433213505321987,FR
FRC_Bourgogne-Franche-Comté,FRC,1,2020,3,output/FRC_Bourgogne-Franche-Comté/2020/FRC_Bourgogne-Franche-Comté_2020-03-01.png,46.03483637511035,26.170919112340428,19.863917262769924,FR
FRC_Bourgogne-Franche-Comté,FRC,1,2020,11,output/FRC_Bourgogne-Franche-Comté/2020/FRC_Bourgogne-Franche-Comté_2020-11-01.png,34.606773254740574,14.643831799857002,19.96294145488357,FR
FRC_Bourgogne-Franche-Comté,FRC,1,2020,7,output/FRC_Bourgogne-Franche-Comté/2020/FRC_Bourgogne-Franche-Comté_2020-07-01.png,28.87142631760919,39.82551601674348,-10.95408969913429,FR
FRC_Bourgogne-Franche-Comté,FRC,1,2020,5,output/FRC_Bourgogne-Franche-Comté/2020/FRC_Bourgogne-Franche-Comté_2020-05-01.png,62.420151255257515,6.708133746437647,55.71201750881987,FR
FRC_Bourgogne-Franche-Comté,FRC,1,2020,9,output/FRC_Bourgogne-Franche-Comté/2020/FRC_Bourgogne-Franche-Comté_2020-09-01.png,15.530737883761992,49.73448000375957,-34.20374211999758,FR
ME_Црна Гора  14.04.42,ME,0,2022,7,output/ME_Црна Гора  14.04.42/2022/ME_Црна Гора _2022-07-01.png,64.01067019116083,8.14246800554463,55.8682021856162,ME
ME_Црна Гора  14.04.42,ME,0,2025,7,output/ME_Црна Гора  14.04.42/2025/ME_Црна Гора _2025-07-01.png,55.10944199090938,13.557751200799459,41.55169079010992,ME
ME_Црна Гора  14.04.42,ME,0,2024,7,output/ME_Црна Гора  14.04.42/2024/ME_Црна Гора _2024-07-01.png,62.2143588338183,3.392631163199342,58.82172767061896,ME
ME_Црна Гора  14.04.42,ME,0,2023,7,output/ME_Црна Гора  14.04.42/2023/ME_Црна Гора _2023-07-01.png,67.1835208407208,2.5305438251507044,64.6529770155701,ME
ME_Црна Гора  14.04.42,ME,0,2026,7,output/ME_Црна Гора  14.04.42/2026/ME_Црна Гора _2026-07-01.png,70.35641831256882,5.010103291535418,65.3463150210334,ME
DE_Deutschland,DE,0,2022,7,output/DE_Deutschland/2022/DE_Deutschland_2022-07-01.png,37.35621949610869,37.160335048146685,0.19588444796200832,DE
DE_Deutschland,DE,0,2025,7,output/DE_Deutschland/2025/DE_Deutschland_2025-07-01.png,50.69223101037527,23.515523550938497,27.17670745943677,DE
DE_Deutschland,DE,0,2024,7,output/DE_Deutschland/2024/DE_Deutschland_2024-07-01.png,57.88635366822869,15.974528342330636,41.91182532589806,DE
DE_Deutschland,DE,0,2023,7,output/DE_Deutschland/2023/DE_Deutschland_2023-07-01.png,47.097763176427044,27.375458157412897,19.722305019014147,DE
DE_Deutschland,DE,0,2026,7,output/DE_Deutschland/2026/DE_Deutschland_2026-07-01.png,39.94889631140407,31.31743075877154,8.63146555263253,DE
FRB0_Centre — Val de Loire,FRB0,2,2017,4,output/FRB0_Centre — Val de Loire/2017/FRB0_Centre — Val de Loire_2017-04-01.png,62.82171021908852,13.028893902222457,49.792816316866066,FR
FRB0_Centre — Val de Loire,FRB0,2,2017,2,output/FRB0_Centre — Val de Loire/2017/FRB0_Centre — Val de Loire_2017-02-01.png,9.049398282927553,60.11144282297094,-51.06204454004339,FR
FRB0_Centre — Val de Loire,FRB0,2,2017,1,output/FRB0_Centre — Val de Loire/2017/FRB0_Centre — Val de Loire_2017-01-01.png,5.881767425867109,74.56497543230991,-68.6832080064428,FR
FRB0_Centre — Val de Loire,FRB0,2,2019,1,output/FRB0_Centre — Val de Loire/2019/FRB0_Centre — Val de Loire_2019-01-01.png,18.97049210635783,45.59890657704472,-26.62841447068689,FR
FRB0_Centre — Val de Loire,FRB0,2,2019,3,output/FRB0_Centre — Val de Loire/2019/FRB0_Centre — Val de Loire_2019-03-01.png,48.505646577522874,36.852715421701014,11.652931155821861,FR
FRB0_Centre — Val de Loire,FRB0,2,2019,11,output/FRB0_Centre — Val de Loire/2019/FRB0_Centre — Val de Loire_2019-11-01.png,37.09787771535334,30.742536478823205,6.355341236530137,FR
FRB0_Centre — Val de Loire,FRB0,2,2019,7,output/FRB0_Centre — Val de Loire/2019/FRB0_Centre — Val de Loire_2019-07-01.png,17.313649787225646,64.78337794907885,-47.46972816185321,FR
FRB0_Centre — Val de Loire,FRB0,2,2019,5,output/FRB0_Centre — Val de Loire/2019/FRB0_Centre — Val de Loire_2019-05-01.png,77.6370530913205,10.275240823387412,67.36181226793309,FR
FRB0_Centre — Val de Loire,FRB0,2,2019,9,output/FRB0_Centre — Val de Loire/2019/FRB0_Centre — Val de Loire_2019-09-01.png,5.805747209597538,73.28251303941752,-67.47676582981998,FR
FRB0_Centre — Val de Loire,FRB0,2,2019,12,output/FRB0_Centre — Val de Loire/2019/FRB0_Centre — Val de Loire_2019-12-01.png,20.094775959790397,39.001176344775956,-18.90640038498556,FR
FRB0_Centre — Val de Loire,FRB0,2,2019,2,output/FRB0_Centre — Val de Loire/2019/FRB0_Centre — Val de Loire_2019-02-01.png,12.32578483152349,64.66663158794783,-52.34084675642434,FR
FRB0_Centre — Val de Loire,FRB0,2,2019,10,output/FRB0_Centre — Val de Loire/2019/FRB0_Centre — Val de Loire_2019-10-01.png,37.77051186321368,34.52519185413494,3.245320009078739,FR
FRB0_Centre — Val de Loire,FRB0,2,2019,6,output/FRB0_Centre — Val de Loire/2019/FRB0_Centre — Val de Loire_2019-06-01.png,58.58888131709678,19.58855540082763,39.00032591626915,FR
FRB0_Centre — Val de Loire,FRB0,2,2019,4,output/FRB0_Centre — Val de Loire/2019/FRB0_Centre — Val de Loire_2019-04-01.png,63.20352444938704,24.272703942303263,38.93082050708378,FR
FRB0_Centre — Val de Loire,FRB0,2,2019,8,output/FRB0_Centre — Val de Loire/2019/FRB0_Centre — Val de Loire_2019-08-01.png,22.200224942284546,65.2809476515894,-43.08072270930485,FR
FRB0_Centre — Val de Loire,FRB0,2,2021,2,output/FRB0_Centre — Val de Loire/2021/FRB0_Centre — Val de Loire_2021-02-01.png,35.465242470681865,42.150369313136764,-6.685126842454899,FR
FRB0_Centre — Val de Loire,FRB0,2,2020,9,output/FRB0_Centre — Val de Loire/2020/FRB0_Centre — Val de Loire_2020-09-01.png,13.890514933668335,64.95340011444432,-51.062885180775986,FR
FRB0_Centre — Val de Loire,FRB0,2,2020,5,output/FRB0_Centre — Val de Loire/2020/FRB0_Centre — Val de Loire_2020-05-01.png,59.86523194706621,13.365649603062373,46.49958234400384,FR
FRB0_Centre — Val de Loire,FRB0,2,2020,1,output/FRB0_Centre — Val de Loire/2020/FRB0_Centre — Val de Loire_2020-01-01.png,18.814251606495702,36.468932313419586,-17.654680706923884,FR
FRB0_Centre — Val de Loire,FRB0,2,2020,11,output/FRB0_Centre — Val de Loire/2020/FRB0_Centre — Val de Loire_2020-11-01.png,31.0125395870125,29.363944001026056,1.6485955859864454,FR
FRB0_Centre — Val de Loire,FRB0,2,2020,3,output/FRB0_Centre — Val de Loire/2020/FRB0_Centre — Val de Loire_2020-03-01.png,52.451344720762435,30.088661461861758,22.362683258900677,FR
FRB0_Centre — Val de Loire,FRB0,2,2020,6,output/FRB0_Centre — Val de Loire/2020/FRB0_Centre — Val de Loire_2020-06-01.png,43.3121563956874,31.796003908576168,11.516152487111235,FR
FRB0_Centre — Val de Loire,FRB0,2,2020,4,output/FRB0_Centre — Val de Loire/2020/FRB0_Centre — Val de Loire_2020-04-01.png,65.6615054725321,21.22678120395706,44.43472426857504,FR
FRB0_Centre — Val de Loire,FRB0,2,2020,12,output/FRB0_Centre — Val de Loire/2020/FRB0_Centre — Val de Loire_2020-12-01.png,29.407755925520938,27.054873635089557,2.3528822904313813,FR
FRB0_Centre — Val de Loire,FRB0,2,2020,10,output/FRB0_Centre — Val de Loire/2020/FRB0_Centre — Val de Loire_2020-10-01.png,34.697110011176754,28.293788919048378,6.403321092128376,FR
FRB0_Centre — Val de Loire,FRB0,2,2020,2,output/FRB0_Centre — Val de Loire/2020/FRB0_Centre — Val de Loire_2020-02-01.png,35.024444208908555,34.5988234982379,0.4256207106706569,FR
FRB0_Centre — Val de Loire,FRB0,2,2018,7,output/FRB0_Centre — Val de Loire/2018/FRB0_Centre — Val de Loire_2018-07-01.png,29.139591902356678,52.12187998231487,-22.982288079958195,FR
FRB0_Centre — Val de Loire,FRB0,2,2018,9,output/FRB0_Centre — Val de Loire/2018/FRB0_Centre — Val de Loire_2018-09-01.png,7.266652196504798,71.14386629570434,-63.87721409919954,FR
FRB0_Centre — Val de Loire,FRB0,2,2018,5,output/FRB0_Centre — Val de Loire/2018/FRB0_Centre — Val de Loire_2018-05-01.png,72.1670097803853,8.134754898414222,64.03225488197108,FR
FRB0_Centre — Val de Loire,FRB0,2,2018,11,output/FRB0_Centre — Val de Loire/2018/FRB0_Centre — Val de Loire_2018-11-01.png,13.83550279137337,53.62914766202102,-39.79364487064765,FR
FRB0_Centre — Val de Loire,FRB0,2,2018,6,output/FRB0_Centre — Val de Loire/2018/FRB0_Centre — Val de Loire_2018-06-01.png,39.73454179519729,31.029538473681097,8.705003321516191,FR
FRB0_Centre — Val de Loire,FRB0,2,2018,8,output/FRB0_Centre — Val de Loire/2018/FRB0_Centre — Val de Loire_2018-08-01.png,13.383825096357489,65.24783277864745,-51.86400768228996,FR
FRB0_Centre — Val de Loire,FRB0,2,2018,4,output/FRB0_Centre — Val de Loire/2018/FRB0_Centre — Val de Loire_2018-04-01.png,76.50767237353574,11.276711896289768,65.23096047724597,FR
FRB0_Centre — Val de Loire,FRB0,2,2018,12,output/FRB0_Centre — Val de Loire/2018/FRB0_Centre — Val de Loire_2018-12-01.png,10.611935010376069,48.6237789138027,-38.01184390342664,FR
FRB0_Centre — Val de Loire,FRB0,2,2018,10,output/FRB0_Centre — Val de Loire/2018/FRB0_Centre — Val de Loire_2018-10-01.png,7.898960135228461,69.61897934082702,-61.72001920559856,FR
FRB0_Centre — Val de Loire,FRB0,2,2016,12,output/FRB0_Centre — Val de Loire/2016/FRB0_Centre — Val de Loire_2016-12-01.png,11.934060601258771,48.55924691620903,-36.625186314950255,FR
FRB0_Centre — Val de Loire,FRB0,2,2016,10,output/FRB0_Centre — Val de Loire/2016/FRB0_Centre — Val de Loire_2016-10-01.png,11.440052901978737,31.690319955236788,-20.25026705325805,FR
FRB0_Centre — Val de Loire,FRB0,2,2016,6,output/FRB0_Centre — Val de Loire/2016/FRB0_Centre — Val de Loire_2016-06-01.png,44.66590426400915,15.65103741218755,29.0148668518216,FR
FRB0_Centre — Val de Loire,FRB0,2,2016,8,output/FRB0_Centre — Val de Loire/2016/FRB0_Centre — Val de Loire_2016-08-01.png,7.622641509433962,67.5046220083576,-59.88198049892364,FR
FRB0_Centre — Val de Loire,FRB0,2,2016,1,output/FRB0_Centre — Val de Loire/2016/FRB0_Centre — Val de Loire_2016-01-01.png,28.781862087469815,15.596994902066005,13.18486718540381,FR
FRB0_Centre — Val de Loire,FRB0,2,2016,3,output/FRB0_Centre — Val de Loire/2016/FRB0_Centre — Val de Loire_2016-03-01.png,68.56265226141299,16.534265437983265,52.02838682342973,FR
FRB0_Centre — Val de Loire,FRB0,2,2016,11,output/FRB0_Centre — Val de Loire/2016/FRB0_Centre — Val de Loire_2016-11-01.png,10.790295042032342,57.05197220319076,-46.26167716115842,FR
FRB0_Centre — Val de Loire,FRB0,2,2016,7,output/FRB0_Centre — Val de Loire/2016/FRB0_Centre — Val de Loire_2016-07-01.png,34.26282545062394,45.532275458326914,-11.269450007702972,FR
FRB0_Centre — Val de Loire,FRB0,2,2016,5,output/FRB0_Centre — Val de Loire/2016/FRB0_Centre — Val de Loire_2016-05-01.png,64.11299840435075,9.515356943906792,54.59764146044395,FR
FRB0_Centre — Val de Loire,FRB0,2,2016,9,output/FRB0_Centre — Val de Loire/2016/FRB0_Centre — Val de Loire_2016-09-01.png,11.039550215294568,60.843136535042404,-49.803586319747836,FR
FRE_Hauts-de-France,FRE,1,2022,6,output/FRE_Hauts-de-France/2022/FRE_Hauts-de-France_2022-06-01.png,71.03756751983728,11.68892461528156,59.348642904555724,FR
FRE_Hauts-de-France,FRE,1,2022,4,output/FRE_Hauts-de-France/2022/FRE_Hauts-de-France_2022-04-01.png,60.970822297336426,22.87979322935875,38.09102906797767,FR
FRE_Hauts-de-France,FRE,1,2022,8,output/FRE_Hauts-de-France/2022/FRE_Hauts-de-France_2022-08-01.png,15.829841911675151,69.65386208072492,-53.82402016904977,FR
FRE_Hauts-de-France,FRE,1,2022,12,output/FRE_Hauts-de-France/2022/FRE_Hauts-de-France_2022-12-01.png,35.511949242966026,17.238728626554128,18.273220616411898,FR
FRE_Hauts-de-France,FRE,1,2022,2,output/FRE_Hauts-de-France/2022/FRE_Hauts-de-France_2022-02-01.png,30.880324469494205,42.2181825932591,-11.337858123764896,FR
FRE_Hauts-de-France,FRE,1,2022,10,output/FRE_Hauts-de-France/2022/FRE_Hauts-de-France_2022-10-01.png,41.014615534643326,35.414635038275875,5.599980496367451,FR
FRE_Hauts-de-France,FRE,1,2022,7,output/FRE_Hauts-de-France/2022/FRE_Hauts-de-France_2022-07-01.png,25.140671814483717,59.84124180936838,-34.70056999488466,FR
FRE_Hauts-de-France,FRE,1,2022,5,output/FRE_Hauts-de-France/2022/FRE_Hauts-de-France_2022-05-01.png,62.70313993676005,18.658541069196264,44.04459886756379,FR
FRE_Hauts-de-France,FRE,1,2022,9,output/FRE_Hauts-de-France/2022/FRE_Hauts-de-France_2022-09-01.png,24.42350562180994,53.1574715864102,-28.733965964600262,FR
FRE_Hauts-de-France,FRE,1,2022,1,output/FRE_Hauts-de-France/2022/FRE_Hauts-de-France_2022-01-01.png,24.664837724519902,35.725877907454716,-11.061040182934814,FR
FRE_Hauts-de-France,FRE,1,2022,3,output/FRE_Hauts-de-France/2022/FRE_Hauts-de-France_2022-03-01.png,40.177636226341555,43.864942878717756,-3.6873066523762006,FR
FRE_Hauts-de-France,FRE,1,2022,11,output/FRE_Hauts-de-France/2022/FRE_Hauts-de-France_2022-11-01.png,63.497810504684786,12.003694008855836,51.49411649582895,FR
FRE_Hauts-de-France,FRE,1,2025,10,output/FRE_Hauts-de-France/2025/FRE_Hauts-de-France_2025-10-01.png,50.781207170659506,27.70742344778856,23.073783722870946,FR
FRE_Hauts-de-France,FRE,1,2025,2,output/FRE_Hauts-de-France/2025/FRE_Hauts-de-France_2025-02-01.png,26.881268611725158,49.09628465815323,-22.215016046428072,FR
FRE_Hauts-de-France,FRE,1,2025,12,output/FRE_Hauts-de-France/2025/FRE_Hauts-de-France_2025-12-01.png,39.400928679374054,20.332228343001997,19.068700336372057,FR
FRE_Hauts-de-France,FRE,1,2025,8,output/FRE_Hauts-de-France/2025/FRE_Hauts-de-France_2025-08-01.png,30.427739751053515,52.47484958468321,-22.047109833629698,FR
FRE_Hauts-de-France,FRE,1,2025,4,output/FRE_Hauts-de-France/2025/FRE_Hauts-de-France_2025-04-01.png,57.311280539790026,31.151194796969772,26.160085742820254,FR
FRE_Hauts-de-France,FRE,1,2025,6,output/FRE_Hauts-de-France/2025/FRE_Hauts-de-France_2025-06-01.png,78.13514319990743,7.554000645510959,70.58114255439648,FR
FRE_Hauts-de-France,FRE,1,2025,11,output/FRE_Hauts-de-France/2025/FRE_Hauts-de-France_2025-11-01.png,49.46840668567904,19.678418105317153,29.78998858036189,FR
FRE_Hauts-de-France,FRE,1,2025,3,output/FRE_Hauts-de-France/2025/FRE_Hauts-de-France_2025-03-01.png,26.140903222663386,54.17387279857745,-28.032969575914063,FR
FRE_Hauts-de-France,FRE,1,2025,1,output/FRE_Hauts-de-France/2025/FRE_Hauts-de-France_2025-01-01.png,22.716716850946593,33.76436956760249,-11.0476527166559,FR
FRE_Hauts-de-France,FRE,1,2025,9,output/FRE_Hauts-de-France/2025/FRE_Hauts-de-France_2025-09-01.png,35.13379567482055,46.18666736685255,-11.052871692032,FR
FRE_Hauts-de-France,FRE,1,2025,5,output/FRE_Hauts-de-France/2025/FRE_Hauts-de-France_2025-05-01.png,57.56552505298029,23.0379022239544,34.52762282902589,FR
FRE_Hauts-de-France,FRE,1,2025,7,output/FRE_Hauts-de-France/2025/FRE_Hauts-de-France_2025-07-01.png,39.9084719752515,43.93010255036173,-4.02163057511023,FR
FRE_Hauts-de-France,FRE,1,2024,4,output/FRE_Hauts-de-France/2024/FRE_Hauts-de-France_2024-04-01.png,66.0935668241944,13.725503219742885,52.368063604451514,FR
FRE_Hauts-de-France,FRE,1,2024,8,output/FRE_Hauts-de-France/2024/FRE_Hauts-de-France_2024-08-01.png,44.155116556646284,40.87064282756437,3.284473729081917,FR
FRE_Hauts-de-France,FRE,1,2024,6,output/FRE_Hauts-de-France/2024/FRE_Hauts-de-France_2024-06-01.png,73.80378730882984,9.958666735707737,63.8451205731221,FR
FRE_Hauts-de-France,FRE,1,2024,2,output/FRE_Hauts-de-France/2024/FRE_Hauts-de-France_2024-02-01.png,32.628232164292896,36.332794156497236,-3.70456199220434,FR
FRE_Hauts-de-France,FRE,1,2024,10,output/FRE_Hauts-de-France/2024/FRE_Hauts-de-France_2024-10-01.png,54.75259584056515,20.32611674431351,34.42647909625164,FR
FRE_Hauts-de-France,FRE,1,2024,12,output/FRE_Hauts-de-France/2024/FRE_Hauts-de-France_2024-12-01.png,17.817290500110005,25.40183261080416,-7.584542110694155,FR
FRE_Hauts-de-France,FRE,1,2024,5,output/FRE_Hauts-de-France/2024/FRE_Hauts-de-France_2024-05-01.png,63.70575441340935,18.210759593547813,45.49499481986154,FR
FRE_Hauts-de-France,FRE,1,2024,9,output/FRE_Hauts-de-France/2024/FRE_Hauts-de-France_2024-09-01.png,50.937679839959564,33.24553844654814,17.692141393411426,FR
FRE_Hauts-de-France,FRE,1,2024,7,output/FRE_Hauts-de-France/2024/FRE_Hauts-de-France_2024-07-01.png,51.72062275098202,33.61768754406473,18.102935206917287,FR
FRE_Hauts-de-France,FRE,1,2024,3,output/FRE_Hauts-de-France/2024/FRE_Hauts-de-France_2024-03-01.png,46.503442905407475,22.270048869022435,24.23339403638504,FR
FRE_Hauts-de-France,FRE,1,2024,11,output/FRE_Hauts-de-France/2024/FRE_Hauts-de-France_2024-11-01.png,36.98588792654039,23.774072685257167,13.211815241283226,FR
FRE_Hauts-de-France,FRE,1,2024,1,output/FRE_Hauts-de-France/2024/FRE_Hauts-de-France_2024-01-01.png,6.198208495359729,19.024176616019183,-12.825968120659454,FR
FRE_Hauts-de-France,FRE,1,2023,12,output/FRE_Hauts-de-France/2023/FRE_Hauts-de-France_2023-12-01.png,29.750108243013486,20.447193249860074,9.302914993153411,FR
FRE_Hauts-de-France,FRE,1,2023,10,output/FRE_Hauts-de-France/2023/FRE_Hauts-de-France_2023-10-01.png,50.949991474435485,31.73550045063698,19.214491023798505,FR
FRE_Hauts-de-France,FRE,1,2023,2,output/FRE_Hauts-de-France/2023/FRE_Hauts-de-France_2023-02-01.png,47.87179947811207,28.4200558426176,19.451743635494466,FR
FRE_Hauts-de-France,FRE,1,2023,6,output/FRE_Hauts-de-France/2023/FRE_Hauts-de-France_2023-06-01.png,60.61615472681655,18.361630087935108,42.25452463888145,FR
FRE_Hauts-de-France,FRE,1,2023,8,output/FRE_Hauts-de-France/2023/FRE_Hauts-de-France_2023-08-01.png,47.83995504216341,35.71924819134253,12.12070685082088,FR
FRE_Hauts-de-France,FRE,1,2023,4,output/FRE_Hauts-de-France/2023/FRE_Hauts-de-France_2023-04-01.png,59.24323435558912,20.581930674981123,38.66130368060799,FR
FRE_Hauts-de-France,FRE,1,2023,1,output/FRE_Hauts-de-France/2023/FRE_Hauts-de-France_2023-01-01.png,40.151057291151574,18.136032145460405,22.01502514569117,FR
FRE_Hauts-de-France,FRE,1,2023,11,output/FRE_Hauts-de-France/2023/FRE_Hauts-de-France_2023-11-01.png,46.04048002865843,17.263478416621886,28.777001612036543,FR
FRE_Hauts-de-France,FRE,1,2023,3,output/FRE_Hauts-de-France/2023/FRE_Hauts-de-France_2023-03-01.png,47.384559884559884,28.901606867708562,18.482953016851322,FR
FRE_Hauts-de-France,FRE,1,2023,7,output/FRE_Hauts-de-France/2023/FRE_Hauts-de-France_2023-07-01.png,38.142759198598306,44.12533963078642,-5.982580432188115,FR
FRE_Hauts-de-France,FRE,1,2023,9,output/FRE_Hauts-de-France/2023/FRE_Hauts-de-France_2023-09-01.png,45.443999220519814,34.94293961464449,10.501059605875326,FR
FRE_Hauts-de-France,FRE,1,2023,5,output/FRE_Hauts-de-France/2023/FRE_Hauts-de-France_2023-05-01.png,64.63991669305531,19.08508513385136,45.55483155920395,FR
FRE_Hauts-de-France,FRE,1,2026,5,output/FRE_Hauts-de-France/2026/FRE_Hauts-de-France_2026-05-01.png,67.3894112488734,16.292658271015515,51.09675297785789,FR
FRE_Hauts-de-France,FRE,1,2026,7,output/FRE_Hauts-de-France/2026/FRE_Hauts-de-France_2026-07-01.png,28.561815269750984,57.57489023001455,-29.01307496026357,FR
FRE_Hauts-de-France,FRE,1,2026,3,output/FRE_Hauts-de-France/2026/FRE_Hauts-de-France_2026-03-01.png,59.319050982875794,23.52020558789857,35.79884539497722,FR
FRE_Hauts-de-France,FRE,1,2026,1,output/FRE_Hauts-de-France/2026/FRE_Hauts-de-France_2026-01-01.png,24.38673406545162,24.65533326422722,-0.26859919877560046,FR
FRE_Hauts-de-France,FRE,1,2026,4,output/FRE_Hauts-de-France/2026/FRE_Hauts-de-France_2026-04-01.png,56.656638978880956,25.24632791756997,31.410311061310985,FR
FRE_Hauts-de-France,FRE,1,2026,6,output/FRE_Hauts-de-France/2026/FRE_Hauts-de-France_2026-06-01.png,68.00021923080436,12.420947503356972,55.57927172744739,FR
FRE_Hauts-de-France,FRE,1,2026,2,output/FRE_Hauts-de-France/2026/FRE_Hauts-de-France_2026-02-01.png,37.278476380977935,24.71063191403725,12.567844466940684,FR
FRE_Hauts-de-France,FRE,1,2021,1,output/FRE_Hauts-de-France/2021/FRE_Hauts-de-France_2021-01-01.png,26.339411908815087,32.5708416827373,-6.2314297739222155,FR
FRE_Hauts-de-France,FRE,1,2021,11,output/FRE_Hauts-de-France/2021/FRE_Hauts-de-France_2021-11-01.png,40.34714535508606,25.874841586858526,14.472303768227537,FR
FRE_Hauts-de-France,FRE,1,2021,3,output/FRE_Hauts-de-France/2021/FRE_Hauts-de-France_2021-03-01.png,31.99400774608433,47.167381190168804,-15.173373444084476,FR
FRE_Hauts-de-France,FRE,1,2021,7,output/FRE_Hauts-de-France/2021/FRE_Hauts-de-France_2021-07-01.png,56.621988825451105,27.322687998045982,29.299300827405123,FR
FRE_Hauts-de-France,FRE,1,2021,9,output/FRE_Hauts-de-France/2021/FRE_Hauts-de-France_2021-09-01.png,41.962524054271306,40.83014639612209,1.1323776581492169,FR
FRE_Hauts-de-France,FRE,1,2021,5,output/FRE_Hauts-de-France/2021/FRE_Hauts-de-France_2021-05-01.png,59.395978290482645,20.17191292928489,39.22406536119776,FR
FRE_Hauts-de-France,FRE,1,2021,12,output/FRE_Hauts-de-France/2021/FRE_Hauts-de-France_2021-12-01.png,19.395894053046568,36.809165745402055,-17.413271692355487,FR
FRE_Hauts-de-France,FRE,1,2021,10,output/FRE_Hauts-de-France/2021/FRE_Hauts-de-France_2021-10-01.png,53.26538699005686,23.45008923333057,29.81529775672629,FR
FRE_Hauts-de-France,FRE,1,2021,2,output/FRE_Hauts-de-France/2021/FRE_Hauts-de-France_2021-02-01.png,12.062455849755194,68.13143984605266,-56.06898399629746,FR
FRE_Hauts-de-France,FRE,1,2021,6,output/FRE_Hauts-de-France/2021/FRE_Hauts-de-France_2021-06-01.png,65.93691672020535,10.858861894568895,55.07805482563645,FR
FRE_Hauts-de-France,FRE,1,2021,8,output/FRE_Hauts-de-France/2021/FRE_Hauts-de-France_2021-08-01.png,45.89382822053964,31.252764551297062,14.641063669242577,FR
FRE_Hauts-de-France,FRE,1,2021,4,output/FRE_Hauts-de-France/2021/FRE_Hauts-de-France_2021-04-01.png,56.013263342508466,29.58584025527976,26.427423087228707,FR
FRE_Hauts-de-France,FRE,1,2020,7,output/FRE_Hauts-de-France/2020/FRE_Hauts-de-France_2020-07-01.png,34.56594557517633,49.48524956245444,-14.919303987278113,FR
FRE_Hauts-de-France,FRE,1,2020,5,output/FRE_Hauts-de-France/2020/FRE_Hauts-de-France_2020-05-01.png,50.875392784936544,26.547389959320878,24.328002825615666,FR
FRE_Hauts-de-France,FRE,1,2020,9,output/FRE_Hauts-de-France/2020/FRE_Hauts-de-France_2020-09-01.png,32.21323654787714,51.464265705307774,-19.251029157430636,FR
FRE_Hauts-de-France,FRE,1,2020,1,output/FRE_Hauts-de-France/2020/FRE_Hauts-de-France_2020-01-01.png,22.64572625630283,42.534954814508076,-19.889228558205247,FR
FRE_Hauts-de-France,FRE,1,2020,3,output/FRE_Hauts-de-France/2020/FRE_Hauts-de-France_2020-03-01.png,39.64296153752466,42.90673032421504,-3.2637687866903775,FR
FRE_Hauts-de-France,FRE,1,2020,11,output/FRE_Hauts-de-France/2020/FRE_Hauts-de-France_2020-11-01.png,41.07437283386407,24.900659820682947,16.17371301318112,FR
FRE_Hauts-de-France,FRE,1,2020,6,output/FRE_Hauts-de-France/2020/FRE_Hauts-de-France_2020-06-01.png,58.7852897473997,20.436387109346455,38.34890263805325,FR
FRE_Hauts-de-France,FRE,1,2020,4,output/FRE_Hauts-de-France/2020/FRE_Hauts-de-France_2020-04-01.png,51.52059532799065,35.458127298857576,16.062468029133072,FR
FRE_Hauts-de-France,FRE,1,2020,8,output/FRE_Hauts-de-France/2020/FRE_Hauts-de-France_2020-08-01.png,22.431331101390484,63.553859876347104,-41.12252877495662,FR
FRE_Hauts-de-France,FRE,1,2020,12,output/FRE_Hauts-de-France/2020/FRE_Hauts-de-France_2020-12-01.png,25.337150862684556,27.687175685693106,-2.3500248230085496,FR
FRE_Hauts-de-France,FRE,1,2020,2,output/FRE_Hauts-de-France/2020/FRE_Hauts-de-France_2020-02-01.png,22.09248798619865,39.31965531037984,-17.22716732418119,FR
FRE_Hauts-de-France,FRE,1,2020,10,output/FRE_Hauts-de-France/2020/FRE_Hauts-de-France_2020-10-01.png,50.79656573076406,21.184539242817088,29.61202648794697,FR
LT_Lietuva 14.04.41,LT,0,2022,7,output/LT_Lietuva 14.04.41/2022/LT_Lietuva_2022-07-01.png,66.77034389227295,5.0169608425045675,61.75338304976838,LT
LT_Lietuva 14.04.41,LT,0,2025,7,output/LT_Lietuva 14.04.41/2025/LT_Lietuva_2025-07-01.png,67.0283517634619,2.235003079923183,64.79334868353871,LT
LT_Lietuva 14.04.41,LT,0,2024,7,output/LT_Lietuva 14.04.41/2024/LT_Lietuva_2024-07-01.png,48.03735975251802,20.267863621072905,27.769496131445116,LT
LT_Lietuva 14.04.41,LT,0,2023,7,output/LT_Lietuva 14.04.41/2023/LT_Lietuva_2023-07-01.png,60.47726986525627,12.448385792588763,48.02888407266751,LT
LT_Lietuva 14.04.41,LT,0,2026,7,output/LT_Lietuva 14.04.41/2026/LT_Lietuva_2026-07-01.png,68.97237902212693,2.243178506222676,66.72920051590425,LT
RO_România 14.04.42,RO,0,2022,7,output/RO_România 14.04.42/2022/RO_România_2022-07-01.png,38.888947388742054,34.27611696694641,4.612830421795643,RO
RO_România 14.04.42,RO,0,2025,7,output/RO_România 14.04.42/2025/RO_România_2025-07-01.png,39.833104653488626,32.794093392614634,7.039011260873991,RO
RO_România 14.04.42,RO,0,2024,7,output/RO_România 14.04.42/2024/RO_România_2024-07-01.png,41.89622621646091,30.633830000772022,11.262396215688888,RO
RO_România 14.04.42,RO,0,2023,7,output/RO_România 14.04.42/2023/RO_România_2023-07-01.png,54.61188144538039,22.644199201536534,31.967682243843857,RO
RO_România 14.04.42,RO,0,2026,7,output/RO_România 14.04.42/2026/RO_România_2026-07-01.png,57.27262980038673,26.12016726253637,31.15246253785036,RO
IE_Éire - Ireland 14.04.52,IE,0,2022,7,output/IE_Éire - Ireland 14.04.52/2022/IE_Éire - Ireland_2022-07-01.png,84.27209548660448,2.3515126462913685,81.92058284031312,IE
IE_Éire - Ireland 14.04.52,IE,0,2025,7,output/IE_Éire - Ireland 14.04.52/2025/IE_Éire - Ireland_2025-07-01.png,84.68845683135561,3.2304195600424985,81.45803727131312,IE
IE_Éire - Ireland 14.04.52,IE,0,2024,7,output/IE_Éire - Ireland 14.04.52/2024/IE_Éire - Ireland_2024-07-01.png,87.812681495369,0.8360249839519884,86.97665651141702,IE
IE_Éire - Ireland 14.04.52,IE,0,2023,7,output/IE_Éire - Ireland 14.04.52/2023/IE_Éire - Ireland_2023-07-01.png,88.45906372217155,1.4161104241617197,87.04295329800983,IE
IE_Éire - Ireland 14.04.52,IE,0,2026,7,output/IE_Éire - Ireland 14.04.52/2026/IE_Éire - Ireland_2026-07-01.png,80.9156126781248,4.2122455518864985,76.7033671262383,IE
FRB_Centre — Val de Loire,FRB,1,2022,2,output/FRB_Centre — Val de Loire/2022/FRB_Centre — Val de Loire_2022-02-01.png,25.15604548832865,39.1603470162261,-14.004301527897447,FR
FRB_Centre — Val de Loire,FRB,1,2022,10,output/FRB_Centre — Val de Loire/2022/FRB_Centre — Val de Loire_2022-10-01.png,48.22593645412842,26.75474239011818,21.47119406401024,FR
FRB_Centre — Val de Loire,FRB,1,2022,12,output/FRB_Centre — Val de Loire/2022/FRB_Centre — Val de Loire_2022-12-01.png,33.41703093761648,19.27891294771441,14.13811798990207,FR
FRB_Centre — Val de Loire,FRB,1,2022,4,output/FRB_Centre — Val de Loire/2022/FRB_Centre — Val de Loire_2022-04-01.png,76.76564638382987,11.480155805874302,65.28549057795557,FR
FRB_Centre — Val de Loire,FRB,1,2022,8,output/FRB_Centre — Val de Loire/2022/FRB_Centre — Val de Loire_2022-08-01.png,11.089259992501924,66.54674129664099,-55.457481304139066,FR
FRB_Centre — Val de Loire,FRB,1,2022,6,output/FRB_Centre — Val de Loire/2022/FRB_Centre — Val de Loire_2022-06-01.png,39.673702142213514,35.92861042232585,3.745091719887661,FR
FRB_Centre — Val de Loire,FRB,1,2022,3,output/FRB_Centre — Val de Loire/2022/FRB_Centre — Val de Loire_2022-03-01.png,51.33682805069752,35.4280809529134,15.908747097784122,FR
FRB_Centre — Val de Loire,FRB,1,2022,11,output/FRB_Centre — Val de Loire/2022/FRB_Centre — Val de Loire_2022-11-01.png,47.65577048725919,16.721774539502775,30.933995947756415,FR
FRB_Centre — Val de Loire,FRB,1,2022,1,output/FRB_Centre — Val de Loire/2022/FRB_Centre — Val de Loire_2022-01-01.png,15.284868491393135,39.07402705014434,-23.789158558751204,FR
FRB_Centre — Val de Loire,FRB,1,2022,5,output/FRB_Centre — Val de Loire/2022/FRB_Centre — Val de Loire_2022-05-01.png,70.82388685313579,10.492842643608467,60.33104420952732,FR
FRB_Centre — Val de Loire,FRB,1,2022,9,output/FRB_Centre — Val de Loire/2022/FRB_Centre — Val de Loire_2022-09-01.png,22.382562254173298,48.89994606611505,-26.51738381194175,FR
FRB_Centre — Val de Loire,FRB,1,2022,7,output/FRB_Centre — Val de Loire/2022/FRB_Centre — Val de Loire_2022-07-01.png,26.118627457428687,52.08564907688159,-25.9670216194529,FR
FRB_Centre — Val de Loire,FRB,1,2025,6,output/FRB_Centre — Val de Loire/2025/FRB_Centre — Val de Loire_2025-06-01.png,30.380691796183875,44.81810588072797,-14.437414084544095,FR
FRB_Centre — Val de Loire,FRB,1,2025,8,output/FRB_Centre — Val de Loire/2025/FRB_Centre — Val de Loire_2025-08-01.png,23.052637810035584,56.41776123231539,-33.36512342227981,FR
FRB_Centre — Val de Loire,FRB,1,2025,4,output/FRB_Centre — Val de Loire/2025/FRB_Centre — Val de Loire_2025-04-01.png,69.19671926282072,16.57995645854024,52.616762804280484,FR
FRB_Centre — Val de Loire,FRB,1,2025,12,output/FRB_Centre — Val de Loire/2025/FRB_Centre — Val de Loire_2025-12-01.png,36.35434221244571,25.079397535131143,11.274944677314565,FR
FRB_Centre — Val de Loire,FRB,1,2025,10,output/FRB_Centre — Val de Loire/2025/FRB_Centre — Val de Loire_2025-10-01.png,38.8901865699876,30.633206233694455,8.256980336293143,FR
FRB_Centre — Val de Loire,FRB,1,2025,2,output/FRB_Centre — Val de Loire/2025/FRB_Centre — Val de Loire_2025-02-01.png,20.43337849748089,45.82143937699786,-25.388060879516967,FR
FRB_Centre — Val de Loire,FRB,1,2025,7,output/FRB_Centre — Val de Loire/2025/FRB_Centre — Val de Loire_2025-07-01.png,19.119107597392773,64.37986306145133,-45.26075546405856,FR
FRB_Centre — Val de Loire,FRB,1,2025,9,output/FRB_Centre — Val de Loire/2025/FRB_Centre — Val de Loire_2025-09-01.png,37.87763182993166,39.006991903073676,-1.129360073142017,FR
FRB_Centre — Val de Loire,FRB,1,2025,5,output/FRB_Centre — Val de Loire/2025/FRB_Centre — Val de Loire_2025-05-01.png,73.13649787225646,10.826827327198943,62.309670545057514,FR
FRB_Centre — Val de Loire,FRB,1,2025,1,output/FRB_Centre — Val de Loire/2025/FRB_Centre — Val de Loire_2025-01-01.png,22.910345648164675,37.39299713777672,-14.482651489612042,FR
FRB_Centre — Val de Loire,FRB,1,2025,11,output/FRB_Centre — Val de Loire/2025/FRB_Centre — Val de Loire_2025-11-01.png,37.70756766216787,25.327115311364363,12.380452350803505,FR
FRB_Centre — Val de Loire,FRB,1,2025,3,output/FRB_Centre — Val de Loire/2025/FRB_Centre — Val de Loire_2025-03-01.png,33.816981169305244,43.62301777833319,-9.806036609027949,FR
FRB_Centre — Val de Loire,FRB,1,2024,12,output/FRB_Centre — Val de Loire/2024/FRB_Centre — Val de Loire_2024-12-01.png,21.936804134438624,28.560577156532897,-6.623773022094273,FR
FRB_Centre — Val de Loire,FRB,1,2024,2,output/FRB_Centre — Val de Loire/2024/FRB_Centre — Val de Loire_2024-02-01.png,42.294789549218365,22.195008217019872,20.099781332198493,FR
FRB_Centre — Val de Loire,FRB,1,2024,10,output/FRB_Centre — Val de Loire/2024/FRB_Centre — Val de Loire_2024-10-01.png,36.04173929057676,24.903478712698714,11.138260577878043,FR
FRB_Centre — Val de Loire,FRB,1,2024,6,output/FRB_Centre — Val de Loire/2024/FRB_Centre — Val de Loire_2024-06-01.png,62.663584814673165,18.299216788333304,44.36436802633986,FR
FRB_Centre — Val de Loire,FRB,1,2024,4,output/FRB_Centre — Val de Loire/2024/FRB_Centre — Val de Loire_2024-04-01.png,82.17845558677044,7.584230852736639,74.5942247340338,FR
FRB_Centre — Val de Loire,FRB,1,2024,8,output/FRB_Centre — Val de Loire/2024/FRB_Centre — Val de Loire_2024-08-01.png,31.87241431474819,43.51646616986431,-11.644051855116118,FR
FRB_Centre — Val de Loire,FRB,1,2024,1,output/FRB_Centre — Val de Loire/2024/FRB_Centre — Val de Loire_2024-01-01.png,22.60825149937389,32.070454096091744,-9.462202596717855,FR
FRB_Centre — Val de Loire,FRB,1,2024,3,output/FRB_Centre — Val de Loire/2024/FRB_Centre — Val de Loire_2024-03-01.png,43.02941313259496,13.345868408289094,29.683544724305868,FR
FRB_Centre — Val de Loire,FRB,1,2024,11,output/FRB_Centre — Val de Loire/2024/FRB_Centre — Val de Loire_2024-11-01.png,34.574733174121576,23.79006375115123,10.784669422970346,FR
FRB_Centre — Val de Loire,FRB,1,2024,7,output/FRB_Centre — Val de Loire/2024/FRB_Centre — Val de Loire_2024-07-01.png,38.05153920606763,41.2677019433736,-3.2161627373059716,FR
FRB_Centre — Val de Loire,FRB,1,2024,5,output/FRB_Centre — Val de Loire/2024/FRB_Centre — Val de Loire_2024-05-01.png,80.19358596587405,6.820050709244158,73.37353525662989,FR
FRB_Centre — Val de Loire,FRB,1,2024,9,output/FRB_Centre — Val de Loire/2024/FRB_Centre — Val de Loire_2024-09-01.png,39.76755972912473,30.310858944937983,9.456700784186744,FR
FRB_Centre — Val de Loire,FRB,1,2023,8,output/FRB_Centre — Val de Loire/2023/FRB_Centre — Val de Loire_2023-08-01.png,37.22518458428552,41.43327760355351,-4.2080930192679915,FR
FRB_Centre — Val de Loire,FRB,1,2023,4,output/FRB_Centre — Val de Loire/2023/FRB_Centre — Val de Loire_2023-04-01.png,63.57931660831337,15.70372759101798,47.87558901729539,FR
FRB_Centre — Val de Loire,FRB,1,2023,6,output/FRB_Centre — Val de Loire/2023/FRB_Centre — Val de Loire_2023-06-01.png,44.40801373331843,29.396733732792246,15.011280000526181,FR
FRB_Centre — Val de Loire,FRB,1,2023,10,output/FRB_Centre — Val de Loire/2023/FRB_Centre — Val de Loire_2023-10-01.png,34.10868264063826,41.31735936174271,-7.208676721104453,FR
FRB_Centre — Val de Loire,FRB,1,2023,2,output/FRB_Centre — Val de Loire/2023/FRB_Centre — Val de Loire_2023-02-01.png,42.69430869711061,30.349778675208334,12.344530021902273,FR
FRB_Centre — Val de Loire,FRB,1,2023,12,output/FRB_Centre — Val de Loire/2023/FRB_Centre — Val de Loire_2023-12-01.png,23.981377198368246,29.66878985690125,-5.6874126585330025,FR
FRB_Centre — Val de Loire,FRB,1,2023,9,output/FRB_Centre — Val de Loire/2023/FRB_Centre — Val de Loire_2023-09-01.png,25.19781108794454,49.57247811416808,-24.374667026223538,FR
FRB_Centre — Val de Loire,FRB,1,2023,5,output/FRB_Centre — Val de Loire/2023/FRB_Centre — Val de Loire_2023-05-01.png,79.92815964231272,7.642668299701379,72.28549134261134,FR
FRB_Centre — Val de Loire,FRB,1,2023,7,output/FRB_Centre — Val de Loire/2023/FRB_Centre — Val de Loire_2023-07-01.png,31.559324052508998,52.948007092949396,-21.388683040440398,FR
FRB_Centre — Val de Loire,FRB,1,2023,11,output/FRB_Centre — Val de Loire/2023/FRB_Centre — Val de Loire_2023-11-01.png,29.86605509750401,25.675704195627095,4.190350901876915,FR
FRB_Centre — Val de Loire,FRB,1,2023,3,output/FRB_Centre — Val de Loire/2023/FRB_Centre — Val de Loire_2023-03-01.png,52.87131125409129,30.470473568789636,22.400837685301653,FR
FRB_Centre — Val de Loire,FRB,1,2023,1,output/FRB_Centre — Val de Loire/2023/FRB_Centre — Val de Loire_2023-01-01.png,37.62386265804622,15.094447914380728,22.52941474366549,FR
FRB_Centre — Val de Loire,FRB,1,2026,1,output/FRB_Centre — Val de Loire/2026/FRB_Centre — Val de Loire_2026-01-01.png,35.135558376564745,29.00419486287563,6.1313635136891165,FR
FRB_Centre — Val de Loire,FRB,1,2026,3,output/FRB_Centre — Val de Loire/2026/FRB_Centre — Val de Loire_2026-03-01.png,60.67982557107058,21.371819072737917,39.30800649833266,FR
FRB_Centre — Val de Loire,FRB,1,2026,7,output/FRB_Centre — Val de Loire/2026/FRB_Centre — Val de Loire_2026-07-01.png,10.00236781352153,73.99844776669144,-63.99607995316991,FR
FRB_Centre — Val de Loire,FRB,1,2026,5,output/FRB_Centre — Val de Loire/2026/FRB_Centre — Val de Loire_2026-05-01.png,63.821124842967926,7.488210261840712,56.33291458112721,FR
FRB_Centre — Val de Loire,FRB,1,2026,2,output/FRB_Centre — Val de Loire/2026/FRB_Centre — Val de Loire_2026-02-01.png,41.66562502055881,27.396827694190247,14.26879732636856,FR
FRB_Centre — Val de Loire,FRB,1,2026,6,output/FRB_Centre — Val de Loire/2026/FRB_Centre — Val de Loire_2026-06-01.png,23.240418576812527,60.40917133104006,-37.16875275422754,FR
FRB_Centre — Val de Loire,FRB,1,2026,4,output/FRB_Centre — Val de Loire/2026/FRB_Centre — Val de Loire_2026-04-01.png,71.33202665105664,10.940285058438953,60.391741592617684,FR
FRB_Centre — Val de Loire,FRB,1,2021,9,output/FRB_Centre — Val de Loire/2021/FRB_Centre — Val de Loire_2021-09-01.png,25.458270575312913,44.90920092870908,-19.45093035339617,FR
FRB_Centre — Val de Loire,FRB,1,2021,5,output/FRB_Centre — Val de Loire/2021/FRB_Centre — Val de Loire_2021-05-01.png,74.57128556049999,9.135851566410455,65.43543399408954,FR
FRB_Centre — Val de Loire,FRB,1,2021,7,output/FRB_Centre — Val de Loire/2021/FRB_Centre — Val de Loire_2021-07-01.png,42.45292326311012,36.803057110346685,5.649866152763437,FR
FRB_Centre — Val de Loire,FRB,1,2021,11,output/FRB_Centre — Val de Loire/2021/FRB_Centre — Val de Loire_2021-11-01.png,26.71519820297804,36.31217744213768,-9.59697923915964,FR
FRB_Centre — Val de Loire,FRB,1,2021,3,output/FRB_Centre — Val de Loire/2021/FRB_Centre — Val de Loire_2021-03-01.png,45.19169423634725,38.38028400607739,6.811410230269864,FR
FRB_Centre — Val de Loire,FRB,1,2021,1,output/FRB_Centre — Val de Loire/2021/FRB_Centre — Val de Loire_2021-01-01.png,32.04735681668565,29.279651128364282,2.7677056883213673,FR
FRB_Centre — Val de Loire,FRB,1,2021,8,output/FRB_Centre — Val de Loire/2021/FRB_Centre — Val de Loire_2021-08-01.png,44.348103217134955,36.71801657931292,7.630086637822032,FR
FRB_Centre — Val de Loire,FRB,1,2021,4,output/FRB_Centre — Val de Loire/2021/FRB_Centre — Val de Loire_2021-04-01.png,63.34197146784707,22.134123481475147,41.20784798637192,FR
FRB_Centre — Val de Loire,FRB,1,2021,6,output/FRB_Centre — Val de Loire/2021/FRB_Centre — Val de Loire_2021-06-01.png,70.75503511022362,9.703910392890675,61.05112471733294,FR
FRB_Centre — Val de Loire,FRB,1,2021,10,output/FRB_Centre — Val de Loire/2021/FRB_Centre — Val de Loire_2021-10-01.png,36.537664678141795,37.32101631818152,-0.7833516400397258,FR
FRB_Centre — Val de Loire,FRB,1,2021,2,output/FRB_Centre — Val de Loire/2021/FRB_Centre — Val de Loire_2021-02-01.png,35.465242470681865,42.150369313136764,-6.685126842454899,FR
FRB_Centre — Val de Loire,FRB,1,2021,12,output/FRB_Centre — Val de Loire/2021/FRB_Centre — Val de Loire_2021-12-01.png,10.76101061998464,43.047021902063086,-32.28601128207845,FR
FRB_Centre — Val de Loire,FRB,1,2020,3,output/FRB_Centre — Val de Loire/2020/FRB_Centre — Val de Loire_2020-03-01.png,52.451344720762435,30.088661461861758,22.362683258900677,FR
FRB_Centre — Val de Loire,FRB,1,2020,11,output/FRB_Centre — Val de Loire/2020/FRB_Centre — Val de Loire_2020-11-01.png,31.0125395870125,29.363944001026056,1.6485955859864454,FR
FRB_Centre — Val de Loire,FRB,1,2020,1,output/FRB_Centre — Val de Loire/2020/FRB_Centre — Val de Loire_2020-01-01.png,18.814251606495702,36.468932313419586,-17.654680706923884,FR
FRB_Centre — Val de Loire,FRB,1,2020,5,output/FRB_Centre — Val de Loire/2020/FRB_Centre — Val de Loire_2020-05-01.png,59.86523194706621,13.365649603062373,46.49958234400384,FR
FRB_Centre — Val de Loire,FRB,1,2020,9,output/FRB_Centre — Val de Loire/2020/FRB_Centre — Val de Loire_2020-09-01.png,13.890514933668335,64.95340011444432,-51.062885180775986,FR
FRB_Centre — Val de Loire,FRB,1,2020,7,output/FRB_Centre — Val de Loire/2020/FRB_Centre — Val de Loire_2020-07-01.png,18.268010181598143,58.00386742875183,-39.73585724715369,FR
FRB_Centre — Val de Loire,FRB,1,2020,2,output/FRB_Centre — Val de Loire/2020/FRB_Centre — Val de Loire_2020-02-01.png,35.024444208908555,34.5988234982379,0.4256207106706569,FR
FRB_Centre — Val de Loire,FRB,1,2020,10,output/FRB_Centre — Val de Loire/2020/FRB_Centre — Val de Loire_2020-10-01.png,34.697110011176754,28.293788919048378,6.403321092128376,FR
FRB_Centre — Val de Loire,FRB,1,2020,12,output/FRB_Centre — Val de Loire/2020/FRB_Centre — Val de Loire_2020-12-01.png,29.407755925520938,27.054873635089557,2.3528822904313813,FR
FRB_Centre — Val de Loire,FRB,1,2020,4,output/FRB_Centre — Val de Loire/2020/FRB_Centre — Val de Loire_2020-04-01.png,65.6615054725321,21.22678120395706,44.43472426857504,FR
FRB_Centre — Val de Loire,FRB,1,2020,8,output/FRB_Centre — Val de Loire/2020/FRB_Centre — Val de Loire_2020-08-01.png,18.93625412552672,64.92904440000831,-45.99279027448159,FR
FRB_Centre — Val de Loire,FRB,1,2020,6,output/FRB_Centre — Val de Loire/2020/FRB_Centre — Val de Loire_2020-06-01.png,43.3121563956874,31.796003908576168,11.516152487111235,FR
RS_Srbija - Сpбија 14.04.42,RS,0,2022,7,output/RS_Srbija - Сpбија 14.04.42/2022/RS_Srbija - Сpбија_2022-07-01.png,53.61966494050802,23.09943688464135,30.520228055866667,RS
RS_Srbija - Сpбија 14.04.42,RS,0,2025,7,output/RS_Srbija - Сpбија 14.04.42/2025/RS_Srbija - Сpбија_2025-07-01.png,44.239917269906925,35.771399582447174,8.468517687459752,RS
RS_Srbija - Сpбија 14.04.42,RS,0,2024,7,output/RS_Srbija - Сpбија 14.04.42/2024/RS_Srbija - Сpбија_2024-07-01.png,60.12386293126661,14.26570042653492,45.85816250473169,RS
RS_Srbija - Сpбија 14.04.42,RS,0,2023,7,output/RS_Srbija - Сpбија 14.04.42/2023/RS_Srbija - Сpбија_2023-07-01.png,65.77939942635265,13.499053677001424,52.28034574935123,RS
RS_Srbija - Сpбија 14.04.42,RS,0,2026,7,output/RS_Srbija - Сpбија 14.04.42/2026/RS_Srbija - Сpбија_2026-07-01.png,56.000407737605165,23.14146142567022,32.85894631193494,RS
PT_Portugal 14.04.42,PT,0,2022,7,output/PT_Portugal 14.04.42/2022/PT_Portugal_2022-07-01.png,9.810513091928486,78.104898277286,-68.29438518535751,PT
PT_Portugal 14.04.42,PT,0,2025,7,output/PT_Portugal 14.04.42/2025/PT_Portugal_2025-07-01.png,10.225779059893682,76.76953320382928,-66.5437541439356,PT
PT_Portugal 14.04.42,PT,0,2024,7,output/PT_Portugal 14.04.42/2024/PT_Portugal_2024-07-01.png,18.11292442624667,65.34506624480917,-47.2321418185625,PT
PT_Portugal 14.04.42,PT,0,2023,7,output/PT_Portugal 14.04.42/2023/PT_Portugal_2023-07-01.png,13.580476683455664,72.43599437006363,-58.85551768660796,PT
PT_Portugal 14.04.42,PT,0,2026,7,output/PT_Portugal 14.04.42/2026/PT_Portugal_2026-07-01.png,12.469029533901756,77.19817608672894,-64.72914655282717,PT
NL_Nederland 14.04.42,NL,0,2022,7,output/NL_Nederland 14.04.42/2022/NL_Nederland_2022-07-01.png,70.71198671027358,11.284154423852291,59.427832286421285,NL
NL_Nederland 14.04.42,NL,0,2025,7,output/NL_Nederland 14.04.42/2025/NL_Nederland_2025-07-01.png,76.49407577796103,7.161581528579489,69.33249424938154,NL
NL_Nederland 14.04.42,NL,0,2024,7,output/NL_Nederland 14.04.42/2024/NL_Nederland_2024-07-01.png,81.02462138329051,4.049337447656428,76.97528393563408,NL
NL_Nederland 14.04.42,NL,0,2023,7,output/NL_Nederland 14.04.42/2023/NL_Nederland_2023-07-01.png,69.47300145938057,4.804373508767866,64.6686279506127,NL
NL_Nederland 14.04.42,NL,0,2026,7,output/NL_Nederland 14.04.42/2026/NL_Nederland_2026-07-01.png,69.66304198447055,12.518466982752697,57.144575001717854,NL
BG_България ,BG,0,2022,7,output/BG_България /2022/BG_България _2022-07-01.png,41.20565363827481,30.0194953043959,11.186158333878911,BG
BG_България ,BG,0,2025,7,output/BG_България /2025/BG_България _2025-07-01.png,36.364859655375575,45.58381763563495,-9.218957980259376,BG
BG_България ,BG,0,2024,7,output/BG_България /2024/BG_България _2024-07-01.png,35.29978652915314,41.13441390069787,-5.834627371544734,BG
BG_България ,BG,0,2023,7,output/BG_България /2023/BG_България _2023-07-01.png,44.44783870475027,28.3081309505626,16.13970775418767,BG
BG_България ,BG,0,2026,7,output/BG_България /2026/BG_България _2026-07-01.png,50.10870319824905,29.317343914995927,20.791359283253126,BG
UA_Україна 14.04.42,UA,0,2022,7,output/UA_Україна 14.04.42/2022/UA_Україна_2022-07-01.png,55.31985900876395,27.50883481075447,27.81102419800948,UA
UA_Україна 14.04.42,UA,0,2025,7,output/UA_Україна 14.04.42/2025/UA_Україна_2025-07-01.png,49.669372491791314,31.940897482670557,17.728475009120757,UA
UA_Україна 14.04.42,UA,0,2024,7,output/UA_Україна 14.04.42/2024/UA_Україна_2024-07-01.png,50.11652353957924,31.2748268109035,18.84169672867574,UA
UA_Україна 14.04.42,UA,0,2023,7,output/UA_Україна 14.04.42/2023/UA_Україна_2023-07-01.png,65.34597365984439,18.88540327893018,46.460570380914206,UA
UA_Україна 14.04.42,UA,0,2026,7,output/UA_Україна 14.04.42/2026/UA_Україна_2026-07-01.png,56.47179669984334,28.128722995093856,28.343073704749482,UA
PL_Polska 14.04.42,PL,0,2022,7,output/PL_Polska 14.04.42/2022/PL_Polska_2022-07-01.png,49.82159100499827,19.410476663822127,30.41111434117614,PL
PL_Polska 14.04.42,PL,0,2025,7,output/PL_Polska 14.04.42/2025/PL_Polska_2025-07-01.png,57.23877318276997,13.023715599760694,44.215057583009276,PL
PL_Polska 14.04.42,PL,0,2024,7,output/PL_Polska 14.04.42/2024/PL_Polska_2024-07-01.png,48.25768914560364,21.998533727774614,26.259155417829028,PL
PL_Polska 14.04.42,PL,0,2023,7,output/PL_Polska 14.04.42/2023/PL_Polska_2023-07-01.png,53.783822992615335,18.324784964854974,35.45903802776036,PL
PL_Polska 14.04.42,PL,0,2026,7,output/PL_Polska 14.04.42/2026/PL_Polska_2026-07-01.png,55.92385706842443,14.584933780852792,41.33892328757164,PL
LV_Latvija 14.04.42,LV,0,2022,7,output/LV_Latvija 14.04.42/2022/LV_Latvija_2022-07-01.png,54.24930458144124,2.4540548251349232,51.79524975630631,LV
LV_Latvija 14.04.42,LV,0,2025,7,output/LV_Latvija 14.04.42/2025/LV_Latvija_2025-07-01.png,64.52046978270172,0.9248252579525462,63.595644524749176,LV
LV_Latvija 14.04.42,LV,0,2024,7,output/LV_Latvija 14.04.42/2024/LV_Latvija_2024-07-01.png,54.21134335244558,6.835232543050623,47.37611080939496,LV
LV_Latvija 14.04.42,LV,0,2023,7,output/LV_Latvija 14.04.42/2023/LV_Latvija_2023-07-01.png,60.352956960909275,5.545918905191333,54.80703805571794,LV
LV_Latvija 14.04.42,LV,0,2026,7,output/LV_Latvija 14.04.42/2026/LV_Latvija_2026-07-01.png,54.79191767187805,0.9438589640409736,53.84805870783708,LV
FRL_Provence-Alpes-Côte d’Azur,FRL,1,2022,6,output/FRL_Provence-Alpes-Côte d’Azur/2022/FRL_Provence-Alpes-Côte d’Azur_2022-06-01.png,49.593176677557175,33.3724710982659,16.220705579291277,FR
FRL_Provence-Alpes-Côte d’Azur,FRL,1,2022,8,output/FRL_Provence-Alpes-Côte d’Azur/2022/FRL_Provence-Alpes-Côte d’Azur_2022-08-01.png,32.22848424461328,43.36428882799851,-11.13580458338523,FR
FRL_Provence-Alpes-Côte d’Azur,FRL,1,2022,4,output/FRL_Provence-Alpes-Côte d’Azur/2022/FRL_Provence-Alpes-Côte d’Azur_2022-04-01.png,18.815528919285878,50.08344907272324,-31.267920153437363,FR
FRL_Provence-Alpes-Côte d’Azur,FRL,1,2022,12,output/FRL_Provence-Alpes-Côte d’Azur/2022/FRL_Provence-Alpes-Côte d’Azur_2022-12-01.png,6.609447755543326,22.4433958213802,-15.833948065836875,FR
FRL_Provence-Alpes-Côte d’Azur,FRL,1,2022,10,output/FRL_Provence-Alpes-Côte d’Azur/2022/FRL_Provence-Alpes-Côte d’Azur_2022-10-01.png,23.543211509582243,32.02366965195807,-8.48045814237583,FR
FRL_Provence-Alpes-Côte d’Azur,FRL,1,2022,2,output/FRL_Provence-Alpes-Côte d’Azur/2022/FRL_Provence-Alpes-Côte d’Azur_2022-02-01.png,2.1817361297526094,48.705858552849136,-46.52412242309653,FR
FRL_Provence-Alpes-Côte d’Azur,FRL,1,2022,7,output/FRL_Provence-Alpes-Côte d’Azur/2022/FRL_Provence-Alpes-Côte d’Azur_2022-07-01.png,44.46337772279346,38.11696875620032,6.346408966593138,FR
FRL_Provence-Alpes-Côte d’Azur,FRL,1,2022,9,output/FRL_Provence-Alpes-Côte d’Azur/2022/FRL_Provence-Alpes-Côte d’Azur_2022-09-01.png,27.988702279385162,31.022824974809662,-3.0341226954245,FR
FRL_Provence-Alpes-Côte d’Azur,FRL,1,2022,5,output/FRL_Provence-Alpes-Côte d’Azur/2022/FRL_Provence-Alpes-Côte d’Azur_2022-05-01.png,60.02136269013964,21.504978130530716,38.51638455960892,FR
FRL_Provence-Alpes-Côte d’Azur,FRL,1,2022,1,output/FRL_Provence-Alpes-Côte d’Azur/2022/FRL_Provence-Alpes-Côte d’Azur_2022-01-01.png,2.856720470893975,37.115579883521434,-34.25885941262746,FR
FRL_Provence-Alpes-Côte d’Azur,FRL,1,2022,11,output/FRL_Provence-Alpes-Côte d’Azur/2022/FRL_Provence-Alpes-Côte d’Azur_2022-11-01.png,7.014472455648926,26.84640522875817,-19.831932773109244,FR
FRL_Provence-Alpes-Côte d’Azur,FRL,1,2022,3,output/FRL_Provence-Alpes-Côte d’Azur/2022/FRL_Provence-Alpes-Côte d’Azur_2022-03-01.png,9.43166187320245,54.5333406277354,-45.10167875453295,FR
FRL_Provence-Alpes-Côte d’Azur,FRL,1,2025,2,output/FRL_Provence-Alpes-Côte d’Azur/2025/FRL_Provence-Alpes-Côte d’Azur_2025-02-01.png,7.299683801827553,31.776904172925178,-24.477220371097626,FR
FRL_Provence-Alpes-Côte d’Azur,FRL,1,2025,10,output/FRL_Provence-Alpes-Côte d’Azur/2025/FRL_Provence-Alpes-Côte d’Azur_2025-10-01.png,19.084355535844196,27.34133977583517,-8.256984239990974,FR
FRL_Provence-Alpes-Côte d’Azur,FRL,1,2025,12,output/FRL_Provence-Alpes-Côte d’Azur/2025/FRL_Provence-Alpes-Côte d’Azur_2025-12-01.png,6.020782514987765,24.703648805841823,-18.682866290854058,FR
FRL_Provence-Alpes-Côte d’Azur,FRL,1,2025,4,output/FRL_Provence-Alpes-Côte d’Azur/2025/FRL_Provence-Alpes-Côte d’Azur_2025-04-01.png,37.98569044200894,23.023681968322887,14.962008473686051,FR
FRL_Provence-Alpes-Côte d’Azur,FRL,1,2025,8,output/FRL_Provence-Alpes-Côte d’Azur/2025/FRL_Provence-Alpes-Côte d’Azur_2025-08-01.png,32.08218080243383,38.65345486941874,-6.5712740669849055,FR
FRL_Provence-Alpes-Côte d’Azur,FRL,1,2025,6,output/FRL_Provence-Alpes-Côte d’Azur/2025/FRL_Provence-Alpes-Côte d’Azur_2025-06-01.png,57.524227463887364,24.991927420703927,32.53230004318344,FR
FRL_Provence-Alpes-Côte d’Azur,FRL,1,2025,3,output/FRL_Provence-Alpes-Côte d’Azur/2025/FRL_Provence-Alpes-Côte d’Azur_2025-03-01.png,12.955419910287384,36.43942842248184,-23.484008512194457,FR
FRL_Provence-Alpes-Côte d’Azur,FRL,1,2025,11,output/FRL_Provence-Alpes-Côte d’Azur/2025/FRL_Provence-Alpes-Côte d’Azur_2025-11-01.png,8.462008302112876,26.546531125142486,-18.08452282302961,FR
FRL_Provence-Alpes-Côte d’Azur,FRL,1,2025,1,output/FRL_Provence-Alpes-Côte d’Azur/2025/FRL_Provence-Alpes-Côte d’Azur_2025-01-01.png,3.0590212532533467,30.806129713705488,-27.74710846045214,FR
FRL_Provence-Alpes-Côte d’Azur,FRL,1,2025,5,output/FRL_Provence-Alpes-Côte d’Azur/2025/FRL_Provence-Alpes-Côte d’Azur_2025-05-01.png,67.11549085363481,13.798134157063826,53.31735669657098,FR
FRL_Provence-Alpes-Côte d’Azur,FRL,1,2025,9,output/FRL_Provence-Alpes-Côte d’Azur/2025/FRL_Provence-Alpes-Côte d’Azur_2025-09-01.png,30.669187645646836,25.919787739794508,4.749399905852329,FR
FRL_Provence-Alpes-Côte d’Azur,FRL,1,2025,7,output/FRL_Provence-Alpes-Côte d’Azur/2025/FRL_Provence-Alpes-Côte d’Azur_2025-07-01.png,44.61549234952907,32.42142365285186,12.194068696677213,FR
FRL_Provence-Alpes-Côte d’Azur,FRL,1,2024,8,output/FRL_Provence-Alpes-Côte d’Azur/2024/FRL_Provence-Alpes-Côte d’Azur_2024-08-01.png,33.393245488108995,34.8221892835051,-1.4289437953961013,FR
FRL_Provence-Alpes-Côte d’Azur,FRL,1,2024,4,output/FRL_Provence-Alpes-Côte d’Azur/2024/FRL_Provence-Alpes-Côte d’Azur_2024-04-01.png,39.65330697200147,24.89433412988145,14.758972842120016,FR
FRL_Provence-Alpes-Côte d’Azur,FRL,1,2024,6,output/FRL_Provence-Alpes-Côte d’Azur/2024/FRL_Provence-Alpes-Côte d’Azur_2024-06-01.png,63.71248203694256,19.588981879218153,44.12350015772441,FR
FRL_Provence-Alpes-Côte d’Azur,FRL,1,2024,10,output/FRL_Provence-Alpes-Côte d’Azur/2024/FRL_Provence-Alpes-Côte d’Azur_2024-10-01.png,21.833700976101277,22.44877316246698,-0.6150721863657047,FR
FRL_Provence-Alpes-Côte d’Azur,FRL,1,2024,2,output/FRL_Provence-Alpes-Côte d’Azur/2024/FRL_Provence-Alpes-Côte d’Azur_2024-02-01.png,6.424605999774357,42.02759849519341,-35.60299249541905,FR
FRL_Provence-Alpes-Côte d’Azur,FRL,1,2024,12,output/FRL_Provence-Alpes-Côte d’Azur/2024/FRL_Provence-Alpes-Côte d’Azur_2024-12-01.png,5.212357465482429,26.09680092435896,-20.88444345887653,FR
FRL_Provence-Alpes-Côte d’Azur,FRL,1,2024,9,output/FRL_Provence-Alpes-Côte d’Azur/2024/FRL_Provence-Alpes-Côte d’Azur_2024-09-01.png,30.121616259074532,26.858285545327927,3.2633307137466048,FR
FRL_Provence-Alpes-Côte d’Azur,FRL,1,2024,5,output/FRL_Provence-Alpes-Côte d’Azur/2024/FRL_Provence-Alpes-Côte d’Azur_2024-05-01.png,62.7072471936499,11.111502512798836,51.59574468085106,FR
FRL_Provence-Alpes-Côte d’Azur,FRL,1,2024,7,output/FRL_Provence-Alpes-Côte d’Azur/2024/FRL_Provence-Alpes-Côte d’Azur_2024-07-01.png,49.61503596758443,27.84073888195085,21.774297085633584,FR
FRL_Provence-Alpes-Côte d’Azur,FRL,1,2024,11,output/FRL_Provence-Alpes-Côte d’Azur/2024/FRL_Provence-Alpes-Côte d’Azur_2024-11-01.png,12.334512124430542,19.683088043634722,-7.34857591920418,FR
FRL_Provence-Alpes-Côte d’Azur,FRL,1,2024,3,output/FRL_Provence-Alpes-Côte d’Azur/2024/FRL_Provence-Alpes-Côte d’Azur_2024-03-01.png,13.121004734984806,36.223606447672,-23.10260171268719,FR
FRL_Provence-Alpes-Côte d’Azur,FRL,1,2024,1,output/FRL_Provence-Alpes-Côte d’Azur/2024/FRL_Provence-Alpes-Côte d’Azur_2024-01-01.png,5.198741066669779,36.67985512151663,-31.481114054846852,FR
FRL_Provence-Alpes-Côte d’Azur,FRL,1,2023,12,output/FRL_Provence-Alpes-Côte d’Azur/2023/FRL_Provence-Alpes-Côte d’Azur_2023-12-01.png,3.2426481172410844,29.722653408184623,-26.480005290943538,FR
FRL_Provence-Alpes-Côte d’Azur,FRL,1,2023,2,output/FRL_Provence-Alpes-Côte d’Azur/2023/FRL_Provence-Alpes-Côte d’Azur_2023-02-01.png,2.37236571312971,42.848861863579245,-40.476496150449535,FR
FRL_Provence-Alpes-Côte d’Azur,FRL,1,2023,10,output/FRL_Provence-Alpes-Côte d’Azur/2023/FRL_Provence-Alpes-Côte d’Azur_2023-10-01.png,16.29766225884385,32.643176433515016,-16.345514174671166,FR
FRL_Provence-Alpes-Côte d’Azur,FRL,1,2023,6,output/FRL_Provence-Alpes-Côte d’Azur/2023/FRL_Provence-Alpes-Côte d’Azur_2023-06-01.png,69.8843986977796,15.526054155213755,54.358344542565845,FR
FRL_Provence-Alpes-Côte d’Azur,FRL,1,2023,4,output/FRL_Provence-Alpes-Côte d’Azur/2023/FRL_Provence-Alpes-Côte d’Azur_2023-04-01.png,19.69989340263459,45.361847480178334,-25.661954077543744,FR
FRL_Provence-Alpes-Côte d’Azur,FRL,1,2023,8,output/FRL_Provence-Alpes-Côte d’Azur/2023/FRL_Provence-Alpes-Côte d’Azur_2023-08-01.png,28.32094241041382,40.61266013857603,-12.291717728162212,FR
FRL_Provence-Alpes-Côte d’Azur,FRL,1,2023,1,output/FRL_Provence-Alpes-Côte d’Azur/2023/FRL_Provence-Alpes-Côte d’Azur_2023-01-01.png,4.18179059534786,31.787288508148443,-27.605497912800583,FR
FRL_Provence-Alpes-Côte d’Azur,FRL,1,2023,3,output/FRL_Provence-Alpes-Côte d’Azur/2023/FRL_Provence-Alpes-Côte d’Azur_2023-03-01.png,5.527479838003758,53.4498118991764,-47.922332061172646,FR
FRL_Provence-Alpes-Côte d’Azur,FRL,1,2023,11,output/FRL_Provence-Alpes-Côte d’Azur/2023/FRL_Provence-Alpes-Côte d’Azur_2023-11-01.png,6.632067507265434,28.10429545710962,-21.47222794984419,FR
FRL_Provence-Alpes-Côte d’Azur,FRL,1,2023,7,output/FRL_Provence-Alpes-Côte d’Azur/2023/FRL_Provence-Alpes-Côte d’Azur_2023-07-01.png,51.87108973760388,25.54860397796246,26.32248575964142,FR
FRL_Provence-Alpes-Côte d’Azur,FRL,1,2023,5,output/FRL_Provence-Alpes-Côte d’Azur/2023/FRL_Provence-Alpes-Côte d’Azur_2023-05-01.png,59.03846542967565,19.4811922057425,39.55727322393315,FR
FRL_Provence-Alpes-Côte d’Azur,FRL,1,2023,9,output/FRL_Provence-Alpes-Côte d’Azur/2023/FRL_Provence-Alpes-Côte d’Azur_2023-09-01.png,20.175223600720503,39.27163937551305,-19.096415774792543,FR
FRL_Provence-Alpes-Côte d’Azur,FRL,1,2026,5,output/FRL_Provence-Alpes-Côte d’Azur/2026/FRL_Provence-Alpes-Côte d’Azur_2026-05-01.png,63.839311826615244,16.01890449098644,47.8204073356288,FR
FRL_Provence-Alpes-Côte d’Azur,FRL,1,2026,7,output/FRL_Provence-Alpes-Côte d’Azur/2026/FRL_Provence-Alpes-Côte d’Azur_2026-07-01.png,44.89910248479826,33.31037997533487,11.588722509463395,FR
FRL_Provence-Alpes-Côte d’Azur,FRL,1,2026,3,output/FRL_Provence-Alpes-Côte d’Azur/2026/FRL_Provence-Alpes-Côte d’Azur_2026-03-01.png,13.53859081943488,35.39952459316145,-21.860933773726572,FR
FRL_Provence-Alpes-Côte d’Azur,FRL,1,2026,1,output/FRL_Provence-Alpes-Côte d’Azur/2026/FRL_Provence-Alpes-Côte d’Azur_2026-01-01.png,6.199837061811264,33.41441262342178,-27.214575561610516,FR
FRL_Provence-Alpes-Côte d’Azur,FRL,1,2026,4,output/FRL_Provence-Alpes-Côte d’Azur/2026/FRL_Provence-Alpes-Côte d’Azur_2026-04-01.png,24.82230599549492,30.61355493049801,-5.791248935003093,FR
FRL_Provence-Alpes-Côte d’Azur,FRL,1,2026,6,output/FRL_Provence-Alpes-Côte d’Azur/2026/FRL_Provence-Alpes-Côte d’Azur_2026-06-01.png,55.94394712168781,26.432931455048376,29.511015666639437,FR
FRL_Provence-Alpes-Côte d’Azur,FRL,1,2026,2,output/FRL_Provence-Alpes-Côte d’Azur/2026/FRL_Provence-Alpes-Côte d’Azur_2026-02-01.png,7.899929002624157,28.097701803176445,-20.197772800552286,FR
FRL_Provence-Alpes-Côte d’Azur,FRL,1,2021,1,output/FRL_Provence-Alpes-Côte d’Azur/2021/FRL_Provence-Alpes-Côte d’Azur_2021-01-01.png,4.240146590259218,27.009488684772588,-22.76934209451337,FR
FRL_Provence-Alpes-Côte d’Azur,FRL,1,2021,3,output/FRL_Provence-Alpes-Côte d’Azur/2021/FRL_Provence-Alpes-Côte d’Azur_2021-03-01.png,9.133102243593484,49.993969880525825,-40.86086763693234,FR
FRL_Provence-Alpes-Côte d’Azur,FRL,1,2021,11,output/FRL_Provence-Alpes-Côte d’Azur/2021/FRL_Provence-Alpes-Côte d’Azur_2021-11-01.png,6.018059235225235,29.56470318195788,-23.546643946732647,FR
FRL_Provence-Alpes-Côte d’Azur,FRL,1,2021,7,output/FRL_Provence-Alpes-Côte d’Azur/2021/FRL_Provence-Alpes-Côte d’Azur_2021-07-01.png,52.602696953730266,27.671291688620883,24.931405265109383,FR
FRL_Provence-Alpes-Côte d’Azur,FRL,1,2021,5,output/FRL_Provence-Alpes-Côte d’Azur/2021/FRL_Provence-Alpes-Côte d’Azur_2021-05-01.png,55.002970621162945,20.350977879986907,34.65199274117604,FR
FRL_Provence-Alpes-Côte d’Azur,FRL,1,2021,9,output/FRL_Provence-Alpes-Côte d’Azur/2021/FRL_Provence-Alpes-Côte d’Azur_2021-09-01.png,31.193381821342363,28.41526384614473,2.7781179751976346,FR
FRL_Provence-Alpes-Côte d’Azur,FRL,1,2021,12,output/FRL_Provence-Alpes-Côte d’Azur/2021/FRL_Provence-Alpes-Côte d’Azur_2021-12-01.png,4.128103080029412,31.161323202732618,-27.033220122703206,FR
FRL_Provence-Alpes-Côte d’Azur,FRL,1,2021,2,output/FRL_Provence-Alpes-Côte d’Azur/2021/FRL_Provence-Alpes-Côte d’Azur_2021-02-01.png,11.468509159946,39.41091568336815,-27.94240652342215,FR
FRL_Provence-Alpes-Côte d’Azur,FRL,1,2021,10,output/FRL_Provence-Alpes-Côte d’Azur/2021/FRL_Provence-Alpes-Côte d’Azur_2021-10-01.png,19.45744486331081,26.60138576035916,-7.143940897048353,FR
FRL_Provence-Alpes-Côte d’Azur,FRL,1,2021,6,output/FRL_Provence-Alpes-Côte d’Azur/2021/FRL_Provence-Alpes-Côte d’Azur_2021-06-01.png,66.30234738861284,19.201662198600047,47.1006851900128,FR
FRL_Provence-Alpes-Côte d’Azur,FRL,1,2021,4,output/FRL_Provence-Alpes-Côte d’Azur/2021/FRL_Provence-Alpes-Côte d’Azur_2021-04-01.png,23.047983709283034,45.25076854130467,-22.20278483202164,FR
FRL_Provence-Alpes-Côte d’Azur,FRL,1,2021,8,output/FRL_Provence-Alpes-Côte d’Azur/2021/FRL_Provence-Alpes-Côte d’Azur_2021-08-01.png,37.974580128616616,30.79873795435005,7.175842174266567,FR
FRL_Provence-Alpes-Côte d’Azur,FRL,1,2020,7,output/FRL_Provence-Alpes-Côte d’Azur/2020/FRL_Provence-Alpes-Côte d’Azur_2020-07-01.png,55.7311099612103,24.333630318993723,31.397479642216577,FR
FRL_Provence-Alpes-Côte d’Azur,FRL,1,2020,9,output/FRL_Provence-Alpes-Côte d’Azur/2020/FRL_Provence-Alpes-Côte d’Azur_2020-09-01.png,28.824678407171927,32.50130349180162,-3.676625084629695,FR
FRL_Provence-Alpes-Côte d’Azur,FRL,1,2020,5,output/FRL_Provence-Alpes-Côte d’Azur/2020/FRL_Provence-Alpes-Côte d’Azur_2020-05-01.png,64.38961574522551,16.215574826001877,48.174040919223636,FR
FRL_Provence-Alpes-Côte d’Azur,FRL,1,2020,1,output/FRL_Provence-Alpes-Côte d’Azur/2020/FRL_Provence-Alpes-Côte d’Azur_2020-01-01.png,7.363437075339825,32.560557270960935,-25.19712019562111,FR
FRL_Provence-Alpes-Côte d’Azur,FRL,1,2020,11,output/FRL_Provence-Alpes-Côte d’Azur/2020/FRL_Provence-Alpes-Côte d’Azur_2020-11-01.png,8.956089059029035,36.12158277019798,-27.16549371116895,FR
FRL_Provence-Alpes-Côte d’Azur,FRL,1,2020,3,output/FRL_Provence-Alpes-Côte d’Azur/2020/FRL_Provence-Alpes-Côte d’Azur_2020-03-01.png,14.364003910586238,43.125898285807764,-28.761894375221527,FR
FRL_Provence-Alpes-Côte d’Azur,FRL,1,2020,6,output/FRL_Provence-Alpes-Côte d’Azur/2020/FRL_Provence-Alpes-Côte d’Azur_2020-06-01.png,68.55600972028168,15.602893665402924,52.953116054878755,FR
FRL_Provence-Alpes-Côte d’Azur,FRL,1,2020,8,output/FRL_Provence-Alpes-Côte d’Azur/2020/FRL_Provence-Alpes-Côte d’Azur_2020-08-01.png,32.10707936026268,37.437704975432126,-5.3306256151694456,FR
FRL_Provence-Alpes-Côte d’Azur,FRL,1,2020,4,output/FRL_Provence-Alpes-Côte d’Azur/2020/FRL_Provence-Alpes-Côte d’Azur_2020-04-01.png,19.258331323285688,43.05872192093121,-23.800390597645524,FR
FRL_Provence-Alpes-Côte d’Azur,FRL,1,2020,12,output/FRL_Provence-Alpes-Côte d’Azur/2020/FRL_Provence-Alpes-Côte d’Azur_2020-12-01.png,5.82362335127462,20.995642830385837,-15.172019479111217,FR
FRL_Provence-Alpes-Côte d’Azur,FRL,1,2020,10,output/FRL_Provence-Alpes-Côte d’Azur/2020/FRL_Provence-Alpes-Côte d’Azur_2020-10-01.png,26.541443099575744,27.81187609183928,-1.2704329922635367,FR
FRL_Provence-Alpes-Côte d’Azur,FRL,1,2020,2,output/FRL_Provence-Alpes-Côte d’Azur/2020/FRL_Provence-Alpes-Côte d’Azur_2020-02-01.png,5.65352878701229,38.63672615087748,-32.98319736386519,FR
FRG_Pays de la Loire,FRG,1,2022,6,output/FRG_Pays de la Loire/2022/FRG_Pays de la Loire_2022-06-01.png,48.00685746057732,31.672201028619085,16.334656431958237,FR
FRG_Pays de la Loire,FRG,1,2022,8,output/FRG_Pays de la Loire/2022/FRG_Pays de la Loire_2022-08-01.png,9.633805427278483,79.70407895346503,-70.07027352618654,FR
FRG_Pays de la Loire,FRG,1,2022,4,output/FRG_Pays de la Loire/2022/FRG_Pays de la Loire_2022-04-01.png,73.46696196358907,7.582222583441699,65.88473938014737,FR
FRG_Pays de la Loire,FRG,1,2022,12,output/FRG_Pays de la Loire/2022/FRG_Pays de la Loire_2022-12-01.png,62.5672907054663,5.285787112888074,57.281503592578225,FR
FRG_Pays de la Loire,FRG,1,2022,10,output/FRG_Pays de la Loire/2022/FRG_Pays de la Loire_2022-10-01.png,54.34616330670297,16.78049996798965,37.56566333871332,FR
FRG_Pays de la Loire,FRG,1,2022,2,output/FRG_Pays de la Loire/2022/FRG_Pays de la Loire_2022-02-01.png,64.33873384095016,9.298345869306686,55.04038797164347,FR
FRG_Pays de la Loire,FRG,1,2022,7,output/FRG_Pays de la Loire/2022/FRG_Pays de la Loire_2022-07-01.png,21.67729778985899,63.32463280151976,-41.64733501166077,FR
FRG_Pays de la Loire,FRG,1,2022,9,output/FRG_Pays de la Loire/2022/FRG_Pays de la Loire_2022-09-01.png,32.556699243184326,49.08061139806523,-16.523912154880904,FR
FRG_Pays de la Loire,FRG,1,2022,5,output/FRG_Pays de la Loire/2022/FRG_Pays de la Loire_2022-05-01.png,67.19118755483066,18.612151091670682,48.57903646315998,FR
FRG_Pays de la Loire,FRG,1,2022,1,output/FRG_Pays de la Loire/2022/FRG_Pays de la Loire_2022-01-01.png,47.57291970533699,9.37905505316206,38.19386465217493,FR
FRG_Pays de la Loire,FRG,1,2022,11,output/FRG_Pays de la Loire/2022/FRG_Pays de la Loire_2022-11-01.png,67.16831940656164,6.9898049219966625,60.17851448456497,FR
FRG_Pays de la Loire,FRG,1,2022,3,output/FRG_Pays de la Loire/2022/FRG_Pays de la Loire_2022-03-01.png,78.65692618963041,9.818833305017993,68.83809288461242,FR
FRG_Pays de la Loire,FRG,1,2025,2,output/FRG_Pays de la Loire/2025/FRG_Pays de la Loire_2025-02-01.png,51.760954747693255,12.588296576962763,39.17265817073049,FR
FRG_Pays de la Loire,FRG,1,2025,10,output/FRG_Pays de la Loire/2025/FRG_Pays de la Loire_2025-10-01.png,55.40714285714286,21.633850931677017,33.77329192546584,FR
FRG_Pays de la Loire,FRG,1,2025,12,output/FRG_Pays de la Loire/2025/FRG_Pays de la Loire_2025-12-01.png,55.925744780961345,6.303397637502786,49.62234714345856,FR
FRG_Pays de la Loire,FRG,1,2025,4,output/FRG_Pays de la Loire/2025/FRG_Pays de la Loire_2025-04-01.png,77.7929479358117,10.409748714226142,67.38319922158556,FR
FRG_Pays de la Loire,FRG,1,2025,8,output/FRG_Pays de la Loire/2025/FRG_Pays de la Loire_2025-08-01.png,31.724404219500517,50.64450862588228,-18.920104406381764,FR
FRG_Pays de la Loire,FRG,1,2025,6,output/FRG_Pays de la Loire/2025/FRG_Pays de la Loire_2025-06-01.png,34.28019831034643,43.88095201322069,-9.600753702874265,FR
FRG_Pays de la Loire,FRG,1,2025,3,output/FRG_Pays de la Loire/2025/FRG_Pays de la Loire_2025-03-01.png,65.37229524147837,15.768761487018704,49.60353375445966,FR
FRG_Pays de la Loire,FRG,1,2025,11,output/FRG_Pays de la Loire/2025/FRG_Pays de la Loire_2025-11-01.png,60.75311941578894,10.280677739341028,50.47244167644791,FR
FRG_Pays de la Loire,FRG,1,2025,1,output/FRG_Pays de la Loire/2025/FRG_Pays de la Loire_2025-01-01.png,52.71267845741084,13.091437504128228,39.62124095328261,FR
FRG_Pays de la Loire,FRG,1,2025,5,output/FRG_Pays de la Loire/2025/FRG_Pays de la Loire_2025-05-01.png,71.9746442847699,15.691011201245544,56.28363308352435,FR
FRG_Pays de la Loire,FRG,1,2025,9,output/FRG_Pays de la Loire/2025/FRG_Pays de la Loire_2025-09-01.png,60.92575717793875,23.2226975767217,37.70305960121705,FR
FRG_Pays de la Loire,FRG,1,2025,7,output/FRG_Pays de la Loire/2025/FRG_Pays de la Loire_2025-07-01.png,20.059925556396436,67.34613186711353,-47.28620631071709,FR
FRG_Pays de la Loire,FRG,1,2024,8,output/FRG_Pays de la Loire/2024/FRG_Pays de la Loire_2024-08-01.png,56.990130816871826,25.95209044434491,31.038040372526915,FR
FRG_Pays de la Loire,FRG,1,2024,4,output/FRG_Pays de la Loire/2024/FRG_Pays de la Loire_2024-04-01.png,86.69966282055248,5.056454357039008,81.64320846351347,FR
FRG_Pays de la Loire,FRG,1,2024,6,output/FRG_Pays de la Loire/2024/FRG_Pays de la Loire_2024-06-01.png,70.31580871231219,16.416570031259454,53.899238681052736,FR
FRG_Pays de la Loire,FRG,1,2024,10,output/FRG_Pays de la Loire/2024/FRG_Pays de la Loire_2024-10-01.png,69.19074051690205,8.412753019497726,60.777987497404325,FR
FRG_Pays de la Loire,FRG,1,2024,2,output/FRG_Pays de la Loire/2024/FRG_Pays de la Loire_2024-02-01.png,61.029279460945205,6.049785631410117,54.97949382953509,FR
FRG_Pays de la Loire,FRG,1,2024,12,output/FRG_Pays de la Loire/2024/FRG_Pays de la Loire_2024-12-01.png,42.96845312247009,12.431723331207518,30.53672979126257,FR
FRG_Pays de la Loire,FRG,1,2024,9,output/FRG_Pays de la Loire/2024/FRG_Pays de la Loire_2024-09-01.png,68.52178269259315,14.446650338924348,54.0751323536688,FR
FRG_Pays de la Loire,FRG,1,2024,5,output/FRG_Pays de la Loire/2024/FRG_Pays de la Loire_2024-05-01.png,81.62305430098374,6.977978509268254,74.64507579171548,FR
FRG_Pays de la Loire,FRG,1,2024,7,output/FRG_Pays de la Loire/2024/FRG_Pays de la Loire_2024-07-01.png,68.7754117808576,17.69099978526495,51.084411995592646,FR
FRG_Pays de la Loire,FRG,1,2024,11,output/FRG_Pays de la Loire/2024/FRG_Pays de la Loire_2024-11-01.png,56.61061842260849,10.73572188719404,45.87489653541445,FR
FRG_Pays de la Loire,FRG,1,2024,3,output/FRG_Pays de la Loire/2024/FRG_Pays de la Loire_2024-03-01.png,75.76632928899227,5.729553026969259,70.03677626202301,FR
FRG_Pays de la Loire,FRG,1,2024,1,output/FRG_Pays de la Loire/2024/FRG_Pays de la Loire_2024-01-01.png,52.63748423629485,9.17447639771519,43.463007838579664,FR
FRG_Pays de la Loire,FRG,1,2023,12,output/FRG_Pays de la Loire/2023/FRG_Pays de la Loire_2023-12-01.png,46.523802121001154,12.936552460645222,33.58724966035593,FR
FRG_Pays de la Loire,FRG,1,2023,2,output/FRG_Pays de la Loire/2023/FRG_Pays de la Loire_2023-02-01.png,73.60804361592042,8.357452854958531,65.2505907609619,FR
FRG_Pays de la Loire,FRG,1,2023,10,output/FRG_Pays de la Loire/2023/FRG_Pays de la Loire_2023-10-01.png,53.02176162602128,28.205167807002642,24.81659381901864,FR
FRG_Pays de la Loire,FRG,1,2023,6,output/FRG_Pays de la Loire/2023/FRG_Pays de la Loire_2023-06-01.png,46.19889724620446,34.90138539237339,11.297511853831068,FR
FRG_Pays de la Loire,FRG,1,2023,4,output/FRG_Pays de la Loire/2023/FRG_Pays de la Loire_2023-04-01.png,82.2269395879724,6.87300592435347,75.35393366361893,FR
FRG_Pays de la Loire,FRG,1,2023,8,output/FRG_Pays de la Loire/2023/FRG_Pays de la Loire_2023-08-01.png,58.06664569910722,25.33825759580981,32.728388103297405,FR
FRG_Pays de la Loire,FRG,1,2023,1,output/FRG_Pays de la Loire/2023/FRG_Pays de la Loire_2023-01-01.png,58.506234321515514,4.545370290275941,53.96086403123957,FR
FRG_Pays de la Loire,FRG,1,2023,3,output/FRG_Pays de la Loire/2023/FRG_Pays de la Loire_2023-03-01.png,74.20179535974472,8.91913192241893,65.2826634373258,FR
FRG_Pays de la Loire,FRG,1,2023,11,output/FRG_Pays de la Loire/2023/FRG_Pays de la Loire_2023-11-01.png,49.593870521862684,13.585764042156272,36.00810647970641,FR
FRG_Pays de la Loire,FRG,1,2023,7,output/FRG_Pays de la Loire/2023/FRG_Pays de la Loire_2023-07-01.png,40.908402491229694,43.810715996723694,-2.902313505494,FR
FRG_Pays de la Loire,FRG,1,2023,5,output/FRG_Pays de la Loire/2023/FRG_Pays de la Loire_2023-05-01.png,74.43310114754351,13.776082289526927,60.657018858016585,FR
FRG_Pays de la Loire,FRG,1,2023,9,output/FRG_Pays de la Loire/2023/FRG_Pays de la Loire_2023-09-01.png,46.59212009822849,33.652215546666255,12.939904551562236,FR
FRG_Pays de la Loire,FRG,1,2026,5,output/FRG_Pays de la Loire/2026/FRG_Pays de la Loire_2026-05-01.png,69.11300909694657,14.599595348047014,54.51341374889955,FR
FRG_Pays de la Loire,FRG,1,2026,7,output/FRG_Pays de la Loire/2026/FRG_Pays de la Loire_2026-07-01.png,9.089224211160362,80.71478215206882,-71.62555794090846,FR
FRG_Pays de la Loire,FRG,1,2026,3,output/FRG_Pays de la Loire/2026/FRG_Pays de la Loire_2026-03-01.png,73.79708712372774,5.5326115495698645,68.26447557415787,FR
FRG_Pays de la Loire,FRG,1,2026,1,output/FRG_Pays de la Loire/2026/FRG_Pays de la Loire_2026-01-01.png,60.85789903323462,5.367908953470069,55.489990079764546,FR
FRG_Pays de la Loire,FRG,1,2026,4,output/FRG_Pays de la Loire/2026/FRG_Pays de la Loire_2026-04-01.png,76.13511050705051,11.105379399817751,65.02973110723276,FR
FRG_Pays de la Loire,FRG,1,2026,6,output/FRG_Pays de la Loire/2026/FRG_Pays de la Loire_2026-06-01.png,25.40998038519159,59.07424282206125,-33.66426243686966,FR
FRG_Pays de la Loire,FRG,1,2026,2,output/FRG_Pays de la Loire/2026/FRG_Pays de la Loire_2026-02-01.png,62.58997885342493,4.899721458301707,57.690257395123226,FR
FRG_Pays de la Loire,FRG,1,2021,1,output/FRG_Pays de la Loire/2021/FRG_Pays de la Loire_2021-01-01.png,44.90531625921614,6.383003492433062,38.52231276678308,FR
FRG_Pays de la Loire,FRG,1,2021,3,output/FRG_Pays de la Loire/2021/FRG_Pays de la Loire_2021-03-01.png,76.15024634345993,12.105271286700543,64.04497505675938,FR
FRG_Pays de la Loire,FRG,1,2021,11,output/FRG_Pays de la Loire/2021/FRG_Pays de la Loire_2021-11-01.png,51.09951040202635,21.36840316925881,29.73110723276754,FR
FRG_Pays de la Loire,FRG,1,2021,7,output/FRG_Pays de la Loire/2021/FRG_Pays de la Loire_2021-07-01.png,68.59422875358268,18.71311036975429,49.881118383828394,FR
FRG_Pays de la Loire,FRG,1,2021,5,output/FRG_Pays de la Loire/2021/FRG_Pays de la Loire_2021-05-01.png,72.8962863802739,14.405137470394953,58.49114890987895,FR
FRG_Pays de la Loire,FRG,1,2021,9,output/FRG_Pays de la Loire/2021/FRG_Pays de la Loire_2021-09-01.png,44.87841053054414,36.2203751197355,8.658035410808637,FR
FRG_Pays de la Loire,FRG,1,2021,12,output/FRG_Pays de la Loire/2021/FRG_Pays de la Loire_2021-12-01.png,27.035302593659942,20.43061405453336,6.604688539126581,FR
FRG_Pays de la Loire,FRG,1,2021,2,output/FRG_Pays de la Loire/2021/FRG_Pays de la Loire_2021-02-01.png,58.343632588491204,8.39399594621317,49.94963664227804,FR
FRG_Pays de la Loire,FRG,1,2021,10,output/FRG_Pays de la Loire/2021/FRG_Pays de la Loire_2021-10-01.png,53.21166101862464,24.84036687044926,28.37129414817538,FR
FRG_Pays de la Loire,FRG,1,2021,6,output/FRG_Pays de la Loire/2021/FRG_Pays de la Loire_2021-06-01.png,67.60285957425108,16.135622607592598,51.46723696665849,FR
FRG_Pays de la Loire,FRG,1,2021,4,output/FRG_Pays de la Loire/2021/FRG_Pays de la Loire_2021-04-01.png,73.65097996818385,14.845166571424159,58.80581339675969,FR
FRG_Pays de la Loire,FRG,1,2021,8,output/FRG_Pays de la Loire/2021/FRG_Pays de la Loire_2021-08-01.png,65.19411932629176,19.10319105363105,46.090928272660705,FR
FRG_Pays de la Loire,FRG,1,2020,7,output/FRG_Pays de la Loire/2020/FRG_Pays de la Loire_2020-07-01.png,39.10142554867407,42.619117488068945,-3.5176919393948722,FR
FRG_Pays de la Loire,FRG,1,2020,9,output/FRG_Pays de la Loire/2020/FRG_Pays de la Loire_2020-09-01.png,33.364943549508084,48.388033422397946,-15.023089872889862,FR
FRG_Pays de la Loire,FRG,1,2020,5,output/FRG_Pays de la Loire/2020/FRG_Pays de la Loire_2020-05-01.png,59.193167250992325,23.070103634145212,36.12306361684711,FR
FRG_Pays de la Loire,FRG,1,2020,1,output/FRG_Pays de la Loire/2020/FRG_Pays de la Loire_2020-01-01.png,54.04883623951689,11.501691198047785,42.5471450414691,FR
FRG_Pays de la Loire,FRG,1,2020,11,output/FRG_Pays de la Loire/2020/FRG_Pays de la Loire_2020-11-01.png,64.77180409903161,10.996648493366488,53.77515560566513,FR
FRG_Pays de la Loire,FRG,1,2020,3,output/FRG_Pays de la Loire/2020/FRG_Pays de la Loire_2020-03-01.png,81.28222157011136,7.974423525414305,73.30779804469705,FR
FRG_Pays de la Loire,FRG,1,2020,6,output/FRG_Pays de la Loire/2020/FRG_Pays de la Loire_2020-06-01.png,60.518488222936924,20.25369795442856,40.264790268508364,FR
FRG_Pays de la Loire,FRG,1,2020,8,output/FRG_Pays de la Loire/2020/FRG_Pays de la Loire_2020-08-01.png,21.434506618067246,63.86334501984648,-42.42883840177923,FR
FRG_Pays de la Loire,FRG,1,2020,4,output/FRG_Pays de la Loire/2020/FRG_Pays de la Loire_2020-04-01.png,77.54763185722501,13.16036831592552,64.38726354129949,FR
FRG_Pays de la Loire,FRG,1,2020,12,output/FRG_Pays de la Loire/2020/FRG_Pays de la Loire_2020-12-01.png,45.94946882862734,6.7371400615040535,39.21232876712328,FR
FRG_Pays de la Loire,FRG,1,2020,10,output/FRG_Pays de la Loire/2020/FRG_Pays de la Loire_2020-10-01.png,61.35597393094299,13.912273383164532,47.443700547778455,FR
FRG_Pays de la Loire,FRG,1,2020,2,output/FRG_Pays de la Loire/2020/FRG_Pays de la Loire_2020-02-01.png,65.94081952153606,7.280466819340398,58.66035270219566,FR
FRK_Auvergne-Rhône-Alpes,FRK,1,2022,4,output/FRK_Auvergne-Rhône-Alpes/2022/FRK_Auvergne-Rhône-Alpes_2022-04-01.png,54.18252867329308,18.28659038997069,35.89593828332239,FR
FRK_Auvergne-Rhône-Alpes,FRK,1,2022,8,output/FRK_Auvergne-Rhône-Alpes/2022/FRK_Auvergne-Rhône-Alpes_2022-08-01.png,22.329394910881312,47.858787040063426,-25.529392129182114,FR
FRK_Auvergne-Rhône-Alpes,FRK,1,2022,12,output/FRK_Auvergne-Rhône-Alpes/2022/FRK_Auvergne-Rhône-Alpes_2022-12-01.png,30.193006812847084,9.067455773744776,21.12555103910231,FR
FRK_Auvergne-Rhône-Alpes,FRK,1,2022,2,output/FRK_Auvergne-Rhône-Alpes/2022/FRK_Auvergne-Rhône-Alpes_2022-02-01.png,9.912875996050564,44.55040398281161,-34.63752798676104,FR
FRK_Auvergne-Rhône-Alpes,FRK,1,2022,10,output/FRK_Auvergne-Rhône-Alpes/2022/FRK_Auvergne-Rhône-Alpes_2022-10-01.png,47.93878793148422,12.162768454916964,35.77601947656726,FR
FRK_Auvergne-Rhône-Alpes,FRK,1,2022,7,output/FRK_Auvergne-Rhône-Alpes/2022/FRK_Auvergne-Rhône-Alpes_2022-07-01.png,46.02571991781308,22.868059394306016,23.15766052350706,FR
FRK_Auvergne-Rhône-Alpes,FRK,1,2022,5,output/FRK_Auvergne-Rhône-Alpes/2022/FRK_Auvergne-Rhône-Alpes_2022-05-01.png,76.70759531149311,8.329937126634968,68.37765818485813,FR
FRK_Auvergne-Rhône-Alpes,FRK,1,2022,9,output/FRK_Auvergne-Rhône-Alpes/2022/FRK_Auvergne-Rhône-Alpes_2022-09-01.png,39.4982527512648,17.098002399207218,22.400250352057583,FR
FRK_Auvergne-Rhône-Alpes,FRK,1,2022,1,output/FRK_Auvergne-Rhône-Alpes/2022/FRK_Auvergne-Rhône-Alpes_2022-01-01.png,8.691042259229505,28.94384494575562,-20.252802686526117,FR
FRK_Auvergne-Rhône-Alpes,FRK,1,2022,3,output/FRK_Auvergne-Rhône-Alpes/2022/FRK_Auvergne-Rhône-Alpes_2022-03-01.png,20.24948111682433,45.89604258144814,-25.64656146462381,FR
FRK_Auvergne-Rhône-Alpes,FRK,1,2022,11,output/FRK_Auvergne-Rhône-Alpes/2022/FRK_Auvergne-Rhône-Alpes_2022-11-01.png,41.00249333677242,5.710053852947843,35.29243948382457,FR
FRK_Auvergne-Rhône-Alpes,FRK,1,2025,10,output/FRK_Auvergne-Rhône-Alpes/2025/FRK_Auvergne-Rhône-Alpes_2025-10-01.png,43.318789771182836,10.88850477776926,32.43028499341358,FR
FRK_Auvergne-Rhône-Alpes,FRK,1,2025,2,output/FRK_Auvergne-Rhône-Alpes/2025/FRK_Auvergne-Rhône-Alpes_2025-02-01.png,20.26758423139399,32.82657677326952,-12.558992541875533,FR
FRK_Auvergne-Rhône-Alpes,FRK,1,2025,12,output/FRK_Auvergne-Rhône-Alpes/2025/FRK_Auvergne-Rhône-Alpes_2025-12-01.png,24.688607912653342,12.77361193904977,11.914995973603572,FR
FRK_Auvergne-Rhône-Alpes,FRK,1,2025,8,output/FRK_Auvergne-Rhône-Alpes/2025/FRK_Auvergne-Rhône-Alpes_2025-08-01.png,31.966332565003807,34.72779927478037,-2.7614667097765597,FR
FRK_Auvergne-Rhône-Alpes,FRK,1,2025,4,output/FRK_Auvergne-Rhône-Alpes/2025/FRK_Auvergne-Rhône-Alpes_2025-04-01.png,51.88657926483728,16.231917312445894,35.654661952391386,FR
FRK_Auvergne-Rhône-Alpes,FRK,1,2025,6,output/FRK_Auvergne-Rhône-Alpes/2025/FRK_Auvergne-Rhône-Alpes_2025-06-01.png,60.0677242496619,14.141435211742579,45.92628903791932,FR
FRK_Auvergne-Rhône-Alpes,FRK,1,2025,11,output/FRK_Auvergne-Rhône-Alpes/2025/FRK_Auvergne-Rhône-Alpes_2025-11-01.png,34.914680277028346,11.491043862820906,23.42363641420744,FR
FRK_Auvergne-Rhône-Alpes,FRK,1,2025,3,output/FRK_Auvergne-Rhône-Alpes/2025/FRK_Auvergne-Rhône-Alpes_2025-03-01.png,28.4179928582108,30.8362569236065,-2.4182640653957,FR
FRK_Auvergne-Rhône-Alpes,FRK,1,2025,1,output/FRK_Auvergne-Rhône-Alpes/2025/FRK_Auvergne-Rhône-Alpes_2025-01-01.png,18.04287352975224,20.60153435459938,-2.5586608248471414,FR
FRK_Auvergne-Rhône-Alpes,FRK,1,2025,9,output/FRK_Auvergne-Rhône-Alpes/2025/FRK_Auvergne-Rhône-Alpes_2025-09-01.png,47.29711407086015,11.08028522060792,36.21682885025223,FR
FRK_Auvergne-Rhône-Alpes,FRK,1,2025,5,output/FRK_Auvergne-Rhône-Alpes/2025/FRK_Auvergne-Rhône-Alpes_2025-05-01.png,78.83200005562567,4.8912344378504855,73.94076561777518,FR
FRK_Auvergne-Rhône-Alpes,FRK,1,2025,7,output/FRK_Auvergne-Rhône-Alpes/2025/FRK_Auvergne-Rhône-Alpes_2025-07-01.png,39.94743209979557,33.21547276343054,6.73195933636503,FR
FRK_Auvergne-Rhône-Alpes,FRK,1,2024,4,output/FRK_Auvergne-Rhône-Alpes/2024/FRK_Auvergne-Rhône-Alpes_2024-04-01.png,61.67951250730404,8.755460641642784,52.924051865661255,FR
FRK_Auvergne-Rhône-Alpes,FRK,1,2024,8,output/FRK_Auvergne-Rhône-Alpes/2024/FRK_Auvergne-Rhône-Alpes_2024-08-01.png,51.86363367716949,13.887643105720057,37.97599057144943,FR
FRK_Auvergne-Rhône-Alpes,FRK,1,2024,6,output/FRK_Auvergne-Rhône-Alpes/2024/FRK_Auvergne-Rhône-Alpes_2024-06-01.png,79.35650638870209,5.0276003138309795,74.32890607487111,FR
FRK_Auvergne-Rhône-Alpes,FRK,1,2024,2,output/FRK_Auvergne-Rhône-Alpes/2024/FRK_Auvergne-Rhône-Alpes_2024-02-01.png,20.138676064970884,23.540453570334048,-3.401777505363164,FR
FRK_Auvergne-Rhône-Alpes,FRK,1,2024,10,output/FRK_Auvergne-Rhône-Alpes/2024/FRK_Auvergne-Rhône-Alpes_2024-10-01.png,44.74815981709697,10.095215524452128,34.65294429264484,FR
FRK_Auvergne-Rhône-Alpes,FRK,1,2024,12,output/FRK_Auvergne-Rhône-Alpes/2024/FRK_Auvergne-Rhône-Alpes_2024-12-01.png,19.831729455361664,9.499378732614534,10.33235072274713,FR
FRK_Auvergne-Rhône-Alpes,FRK,1,2024,5,output/FRK_Auvergne-Rhône-Alpes/2024/FRK_Auvergne-Rhône-Alpes_2024-05-01.png,78.89996282462073,3.5546743613800915,75.34528846324064,FR
FRK_Auvergne-Rhône-Alpes,FRK,1,2024,9,output/FRK_Auvergne-Rhône-Alpes/2024/FRK_Auvergne-Rhône-Alpes_2024-09-01.png,55.798720297020964,7.36129198473956,48.437428312281405,FR
FRK_Auvergne-Rhône-Alpes,FRK,1,2024,7,output/FRK_Auvergne-Rhône-Alpes/2024/FRK_Auvergne-Rhône-Alpes_2024-07-01.png,68.38154248420555,7.937733178952786,60.44380930525277,FR
FRK_Auvergne-Rhône-Alpes,FRK,1,2024,3,output/FRK_Auvergne-Rhône-Alpes/2024/FRK_Auvergne-Rhône-Alpes_2024-03-01.png,37.4923949283298,17.911117137225045,19.581277791104757,FR
FRK_Auvergne-Rhône-Alpes,FRK,1,2024,11,output/FRK_Auvergne-Rhône-Alpes/2024/FRK_Auvergne-Rhône-Alpes_2024-11-01.png,31.84985397817872,10.367723769282033,21.482130208896688,FR
FRK_Auvergne-Rhône-Alpes,FRK,1,2024,1,output/FRK_Auvergne-Rhône-Alpes/2024/FRK_Auvergne-Rhône-Alpes_2024-01-01.png,18.356311445585646,23.142987863089598,-4.786676417503951,FR
FRK_Auvergne-Rhône-Alpes,FRK,1,2023,12,output/FRK_Auvergne-Rhône-Alpes/2023/FRK_Auvergne-Rhône-Alpes_2023-12-01.png,14.889192810092664,16.187060399687397,-1.2978675895947323,FR
FRK_Auvergne-Rhône-Alpes,FRK,1,2023,10,output/FRK_Auvergne-Rhône-Alpes/2023/FRK_Auvergne-Rhône-Alpes_2023-10-01.png,32.6898138973776,24.000737040088723,8.689076857288875,FR
FRK_Auvergne-Rhône-Alpes,FRK,1,2023,2,output/FRK_Auvergne-Rhône-Alpes/2023/FRK_Auvergne-Rhône-Alpes_2023-02-01.png,22.510316822940027,28.81618150655166,-6.3058646836116345,FR
FRK_Auvergne-Rhône-Alpes,FRK,1,2023,6,output/FRK_Auvergne-Rhône-Alpes/2023/FRK_Auvergne-Rhône-Alpes_2023-06-01.png,73.98530471314257,7.849552562973585,66.13575215016898,FR
FRK_Auvergne-Rhône-Alpes,FRK,1,2023,8,output/FRK_Auvergne-Rhône-Alpes/2023/FRK_Auvergne-Rhône-Alpes_2023-08-01.png,39.31869163753978,27.046794303302207,12.271897334237572,FR
FRK_Auvergne-Rhône-Alpes,FRK,1,2023,4,output/FRK_Auvergne-Rhône-Alpes/2023/FRK_Auvergne-Rhône-Alpes_2023-04-01.png,52.50132729816348,14.000379781664297,38.50094751649918,FR
FRK_Auvergne-Rhône-Alpes,FRK,1,2023,1,output/FRK_Auvergne-Rhône-Alpes/2023/FRK_Auvergne-Rhône-Alpes_2023-01-01.png,14.449909300020572,7.554466740224038,6.895442559796534,FR
FRK_Auvergne-Rhône-Alpes,FRK,1,2023,11,output/FRK_Auvergne-Rhône-Alpes/2023/FRK_Auvergne-Rhône-Alpes_2023-11-01.png,31.69388585377194,11.857418923631291,19.836466930140645,FR
FRK_Auvergne-Rhône-Alpes,FRK,1,2023,3,output/FRK_Auvergne-Rhône-Alpes/2023/FRK_Auvergne-Rhône-Alpes_2023-03-01.png,31.13200624757592,28.158817013812453,2.973189233763467,FR
FRK_Auvergne-Rhône-Alpes,FRK,1,2023,7,output/FRK_Auvergne-Rhône-Alpes/2023/FRK_Auvergne-Rhône-Alpes_2023-07-01.png,56.06527115043015,15.44007523248929,40.62519591794086,FR
FRK_Auvergne-Rhône-Alpes,FRK,1,2023,9,output/FRK_Auvergne-Rhône-Alpes/2023/FRK_Auvergne-Rhône-Alpes_2023-09-01.png,27.45370032367185,28.941686917886084,-1.4879865942142345,FR
FRK_Auvergne-Rhône-Alpes,FRK,1,2023,5,output/FRK_Auvergne-Rhône-Alpes/2023/FRK_Auvergne-Rhône-Alpes_2023-05-01.png,79.2303602286322,5.412874203320344,73.81748602531185,FR
FRK_Auvergne-Rhône-Alpes,FRK,1,2026,5,output/FRK_Auvergne-Rhône-Alpes/2026/FRK_Auvergne-Rhône-Alpes_2026-05-01.png,73.88207071585022,5.511594757153287,68.37047595869693,FR
FRK_Auvergne-Rhône-Alpes,FRK,1,2026,7,output/FRK_Auvergne-Rhône-Alpes/2026/FRK_Auvergne-Rhône-Alpes_2026-07-01.png,27.523927728352056,48.05188484096274,-20.527957112610686,FR
FRK_Auvergne-Rhône-Alpes,FRK,1,2026,3,output/FRK_Auvergne-Rhône-Alpes/2026/FRK_Auvergne-Rhône-Alpes_2026-03-01.png,38.89555238025706,20.733424420363168,18.16212795989389,FR
FRK_Auvergne-Rhône-Alpes,FRK,1,2026,1,output/FRK_Auvergne-Rhône-Alpes/2026/FRK_Auvergne-Rhône-Alpes_2026-01-01.png,18.86414680432474,20.154255967407767,-1.2901091630830273,FR
FRK_Auvergne-Rhône-Alpes,FRK,1,2026,4,output/FRK_Auvergne-Rhône-Alpes/2026/FRK_Auvergne-Rhône-Alpes_2026-04-01.png,57.553096437523685,9.812020011333729,47.741076426189956,FR
FRK_Auvergne-Rhône-Alpes,FRK,1,2026,6,output/FRK_Auvergne-Rhône-Alpes/2026/FRK_Auvergne-Rhône-Alpes_2026-06-01.png,47.05653306076756,25.852028772376293,21.20450428839127,FR
FRK_Auvergne-Rhône-Alpes,FRK,1,2026,2,output/FRK_Auvergne-Rhône-Alpes/2026/FRK_Auvergne-Rhône-Alpes_2026-02-01.png,23.284583915141717,19.721991831935245,3.5625920832064715,FR
FRK_Auvergne-Rhône-Alpes,FRK,1,2021,1,output/FRK_Auvergne-Rhône-Alpes/2021/FRK_Auvergne-Rhône-Alpes_2021-01-01.png,12.587018750317586,15.269991022883179,-2.6829722725655927,FR
FRK_Auvergne-Rhône-Alpes,FRK,1,2021,11,output/FRK_Auvergne-Rhône-Alpes/2021/FRK_Auvergne-Rhône-Alpes_2021-11-01.png,25.100135616740783,15.26989308354622,9.830242533194562,FR
FRK_Auvergne-Rhône-Alpes,FRK,1,2021,3,output/FRK_Auvergne-Rhône-Alpes/2021/FRK_Auvergne-Rhône-Alpes_2021-03-01.png,32.997145707958296,27.536791163862784,5.460354544095512,FR
FRK_Auvergne-Rhône-Alpes,FRK,1,2021,7,output/FRK_Auvergne-Rhône-Alpes/2021/FRK_Auvergne-Rhône-Alpes_2021-07-01.png,71.87160507627335,5.987990484607351,65.883614591666,FR
FRK_Auvergne-Rhône-Alpes,FRK,1,2021,9,output/FRK_Auvergne-Rhône-Alpes/2021/FRK_Auvergne-Rhône-Alpes_2021-09-01.png,51.541056974528416,8.73061659761193,42.81044037691649,FR
FRK_Auvergne-Rhône-Alpes,FRK,1,2021,5,output/FRK_Auvergne-Rhône-Alpes/2021/FRK_Auvergne-Rhône-Alpes_2021-05-01.png,78.22166236064919,5.773156144282513,72.44850621636668,FR
FRK_Auvergne-Rhône-Alpes,FRK,1,2021,12,output/FRK_Auvergne-Rhône-Alpes/2021/FRK_Auvergne-Rhône-Alpes_2021-12-01.png,11.018118339363394,21.90425576844565,-10.886137429082257,FR
FRK_Auvergne-Rhône-Alpes,FRK,1,2021,10,output/FRK_Auvergne-Rhône-Alpes/2021/FRK_Auvergne-Rhône-Alpes_2021-10-01.png,36.834621415186504,13.15616558370446,23.678455831482044,FR
FRK_Auvergne-Rhône-Alpes,FRK,1,2021,2,output/FRK_Auvergne-Rhône-Alpes/2021/FRK_Auvergne-Rhône-Alpes_2021-02-01.png,29.847689970344565,31.635012185497693,-1.7873222151531287,FR
FRK_Auvergne-Rhône-Alpes,FRK,1,2021,6,output/FRK_Auvergne-Rhône-Alpes/2021/FRK_Auvergne-Rhône-Alpes_2021-06-01.png,72.79431193936443,6.602809262220986,66.19150267714345,FR
FRK_Auvergne-Rhône-Alpes,FRK,1,2021,8,output/FRK_Auvergne-Rhône-Alpes/2021/FRK_Auvergne-Rhône-Alpes_2021-08-01.png,64.38094573129221,6.512943147899247,57.868002583392965,FR
FRK_Auvergne-Rhône-Alpes,FRK,1,2021,4,output/FRK_Auvergne-Rhône-Alpes/2021/FRK_Auvergne-Rhône-Alpes_2021-04-01.png,48.86622024740806,23.19572216311687,25.67049808429119,FR
FRK_Auvergne-Rhône-Alpes,FRK,1,2020,7,output/FRK_Auvergne-Rhône-Alpes/2020/FRK_Auvergne-Rhône-Alpes_2020-07-01.png,47.816971922066,23.933692130112508,23.883279791953495,FR
FRK_Auvergne-Rhône-Alpes,FRK,1,2020,5,output/FRK_Auvergne-Rhône-Alpes/2020/FRK_Auvergne-Rhône-Alpes_2020-05-01.png,68.77835605294173,6.463354853513282,62.31500119942845,FR
FRK_Auvergne-Rhône-Alpes,FRK,1,2020,9,output/FRK_Auvergne-Rhône-Alpes/2020/FRK_Auvergne-Rhône-Alpes_2020-09-01.png,31.2110014989368,32.23271865304842,-1.0217171541116237,FR
FRK_Auvergne-Rhône-Alpes,FRK,1,2020,1,output/FRK_Auvergne-Rhône-Alpes/2020/FRK_Auvergne-Rhône-Alpes_2020-01-01.png,13.520460807136573,25.454815340446252,-11.93435453330968,FR
FRK_Auvergne-Rhône-Alpes,FRK,1,2020,3,output/FRK_Auvergne-Rhône-Alpes/2020/FRK_Auvergne-Rhône-Alpes_2020-03-01.png,38.81914530866174,25.704761971037083,13.114383337624655,FR
FRK_Auvergne-Rhône-Alpes,FRK,1,2020,11,output/FRK_Auvergne-Rhône-Alpes/2020/FRK_Auvergne-Rhône-Alpes_2020-11-01.png,27.731510644147544,15.112705809473761,12.618804834673783,FR
FRK_Auvergne-Rhône-Alpes,FRK,1,2020,6,output/FRK_Auvergne-Rhône-Alpes/2020/FRK_Auvergne-Rhône-Alpes_2020-06-01.png,73.38427150968994,7.0477465701746,66.33652493951534,FR
FRK_Auvergne-Rhône-Alpes,FRK,1,2020,4,output/FRK_Auvergne-Rhône-Alpes/2020/FRK_Auvergne-Rhône-Alpes_2020-04-01.png,50.924602884886156,19.48671415707993,31.437888727806225,FR
FRK_Auvergne-Rhône-Alpes,FRK,1,2020,8,output/FRK_Auvergne-Rhône-Alpes/2020/FRK_Auvergne-Rhône-Alpes_2020-08-01.png,26.25471081505792,39.0976790109722,-12.842968195914281,FR
FRK_Auvergne-Rhône-Alpes,FRK,1,2020,12,output/FRK_Auvergne-Rhône-Alpes/2020/FRK_Auvergne-Rhône-Alpes_2020-12-01.png,20.748877739635596,12.127453569228061,8.621424170407535,FR
FRK_Auvergne-Rhône-Alpes,FRK,1,2020,2,output/FRK_Auvergne-Rhône-Alpes/2020/FRK_Auvergne-Rhône-Alpes_2020-02-01.png,19.529476388642628,26.71283597033761,-7.183359581694983,FR
FRK_Auvergne-Rhône-Alpes,FRK,1,2020,10,output/FRK_Auvergne-Rhône-Alpes/2020/FRK_Auvergne-Rhône-Alpes_2020-10-01.png,52.131576676351294,10.086514397491586,42.04506227885971,FR
EL_Ελλάδα ,EL,0,2022,7,output/EL_Ελλάδα /2022/EL_Ελλάδα _2022-07-01.png,45.92636314905048,36.70218212261565,9.224181026434827,EL
EL_Ελλάδα ,EL,0,2025,7,output/EL_Ελλάδα /2025/EL_Ελλάδα _2025-07-01.png,35.95451479232919,50.18309723426809,-14.228582441938897,EL
EL_Ελλάδα ,EL,0,2024,7,output/EL_Ελλάδα /2024/EL_Ελλάδα _2024-07-01.png,34.72402910282355,52.363399826539464,-17.639370723715913,EL
EL_Ελλάδα ,EL,0,2023,7,output/EL_Ελλάδα /2023/EL_Ελλάδα _2023-07-01.png,45.95138286595355,37.372916064373136,8.578466801580412,EL
EL_Ελλάδα ,EL,0,2026,7,output/EL_Ελλάδα /2026/EL_Ελλάδα _2026-07-01.png,47.385433344409876,39.213364347642205,8.17206899676767,EL
FR_France 14.04.52,FR,0,2022,7,output/FR_France 14.04.52/2022/FR_France_2022-07-01.png,36.23783715698246,41.018302432743546,-4.780465275761088,FR
FR_France 14.04.52,FR,0,2025,7,output/FR_France 14.04.52/2025/FR_France_2025-07-01.png,36.19673141288669,43.6718388953464,-7.4751074824597055,FR
FR_France 14.04.52,FR,0,2024,7,output/FR_France 14.04.52/2024/FR_France_2024-07-01.png,62.04578191855473,19.77023891463077,42.27554300392396,FR
FR_France 14.04.52,FR,0,2023,7,output/FR_France 14.04.52/2023/FR_France_2023-07-01.png,48.16548429646002,31.26697800434922,16.898506292110802,FR
FR_France 14.04.52,FR,0,2026,7,output/FR_France 14.04.52/2026/FR_France_2026-07-01.png,22.8166362850715,59.683564898236234,-36.86692861316473,FR
BE_Belgique - België,BE,0,2022,7,output/BE_Belgique - België/2022/BE_Belgique - België_2022-07-01.png,46.683496347280084,24.50831673006098,22.175179617219104,BE
BE_Belgique - België,BE,0,2025,7,output/BE_Belgique - België/2025/BE_Belgique - België_2025-07-01.png,59.50157288978469,15.292256107898355,44.209316781886336,BE
BE_Belgique - België,BE,0,2024,7,output/BE_Belgique - België/2024/BE_Belgique - België_2024-07-01.png,73.62572193745538,7.36612286062877,66.25959907682662,BE
BE_Belgique - België,BE,0,2023,7,output/BE_Belgique - België/2023/BE_Belgique - België_2023-07-01.png,55.87850615216721,11.955697731570574,43.92280842059664,BE
BE_Belgique - België,BE,0,2026,7,output/BE_Belgique - België/2026/BE_Belgique - België_2026-07-01.png,52.81485583824045,22.822127031130503,29.992728807109945,BE
LU_Luxembourg 14.04.41,LU,0,2022,7,output/LU_Luxembourg 14.04.41/2022/LU_Luxembourg_2022-07-01.png,28.00244958197351,38.16783440217267,-10.165384820199161,LU
LU_Luxembourg 14.04.41,LU,0,2025,7,output/LU_Luxembourg 14.04.41/2025/LU_Luxembourg_2025-07-01.png,47.79864181213254,15.777539765735382,32.021102046397154,LU
LU_Luxembourg 14.04.41,LU,0,2024,7,output/LU_Luxembourg 14.04.41/2024/LU_Luxembourg_2024-07-01.png,61.705634808501586,10.517980037372954,51.187654771128635,LU
LU_Luxembourg 14.04.41,LU,0,2023,7,output/LU_Luxembourg 14.04.41/2023/LU_Luxembourg_2023-07-01.png,35.16183014490549,27.743886205453922,7.417943939451565,LU
LU_Luxembourg 14.04.41,LU,0,2026,7,output/LU_Luxembourg 14.04.41/2026/LU_Luxembourg_2026-07-01.png,30.377145635419556,43.060846972845056,-12.6837013374255,LU
TR_Türkiye 14.04.42,TR,0,2022,7,output/TR_Türkiye 14.04.42/2022/TR_Türkiye_2022-07-01.png,18.214944492853668,70.21229644550567,-51.997351952652004,TR
TR_Türkiye 14.04.42,TR,0,2025,7,output/TR_Türkiye 14.04.42/2025/TR_Türkiye_2025-07-01.png,14.163852351339314,76.66138571436626,-62.497533363026946,TR
TR_Türkiye 14.04.42,TR,0,2024,7,output/TR_Türkiye 14.04.42/2024/TR_Türkiye_2024-07-01.png,16.934603749045774,73.28847295654387,-56.35386920749809,TR
TR_Türkiye 14.04.42,TR,0,2023,7,output/TR_Türkiye 14.04.42/2023/TR_Türkiye_2023-07-01.png,20.798194894937243,66.82160485121986,-46.02340995628262,TR
TR_Türkiye 14.04.42,TR,0,2026,7,output/TR_Türkiye 14.04.42/2026/TR_Türkiye_2026-07-01.png,21.602730174207338,67.22373709601528,-45.62100692180795,TR
FRD_Normandie,FRD,1,2022,6,output/FRD_Normandie/2022/FRD_Normandie_2022-06-01.png,71.09950895270076,10.35799303103833,60.741515921662426,FR
FRD_Normandie,FRD,1,2022,4,output/FRD_Normandie/2022/FRD_Normandie_2022-04-01.png,71.40880803174534,9.090357135112866,62.31845089663247,FR
FRD_Normandie,FRD,1,2022,8,output/FRD_Normandie/2022/FRD_Normandie_2022-08-01.png,17.69955265246041,66.66321668564156,-48.963664033181146,FR
FRD_Normandie,FRD,1,2022,12,output/FRD_Normandie/2022/FRD_Normandie_2022-12-01.png,48.37858763018959,7.926342941847029,40.45224468834256,FR
FRD_Normandie,FRD,1,2022,2,output/FRD_Normandie/2022/FRD_Normandie_2022-02-01.png,58.779435002119705,16.110533009596484,42.66890199252322,FR
FRD_Normandie,FRD,1,2022,10,output/FRD_Normandie/2022/FRD_Normandie_2022-10-01.png,58.4095601675477,16.1617995981066,42.2477605694411,FR
FRD_Normandie,FRD,1,2022,7,output/FRD_Normandie/2022/FRD_Normandie_2022-07-01.png,34.80379191247781,49.72457651482917,-14.920784602351354,FR
FRD_Normandie,FRD,1,2022,5,output/FRD_Normandie/2022/FRD_Normandie_2022-05-01.png,80.98171125184993,9.652888602087383,71.32882264976254,FR
FRD_Normandie,FRD,1,2022,9,output/FRD_Normandie/2022/FRD_Normandie_2022-09-01.png,45.9606320572378,25.749381167135738,20.211250890102065,FR
FRD_Normandie,FRD,1,2022,1,output/FRD_Normandie/2022/FRD_Normandie_2022-01-01.png,38.22721378491835,13.409085913976131,24.818127870942217,FR
FRD_Normandie,FRD,1,2022,3,output/FRD_Normandie/2022/FRD_Normandie_2022-03-01.png,74.64187280303291,14.373387613034796,60.26848518999812,FR
FRD_Normandie,FRD,1,2022,11,output/FRD_Normandie/2022/FRD_Normandie_2022-11-01.png,67.29554178875186,7.497603215733686,59.79793857301818,FR
FRD_Normandie,FRD,1,2025,10,output/FRD_Normandie/2025/FRD_Normandie_2025-10-01.png,55.49282649634045,20.849171989361082,34.64365450697937,FR
FRD_Normandie,FRD,1,2025,2,output/FRD_Normandie/2025/FRD_Normandie_2025-02-01.png,49.3431314776942,24.41833146536949,24.92480001232471,FR
FRD_Normandie,FRD,1,2025,12,output/FRD_Normandie/2025/FRD_Normandie_2025-12-01.png,47.948951319307966,10.447340442668901,37.50161087663906,FR
FRD_Normandie,FRD,1,2025,8,output/FRD_Normandie/2025/FRD_Normandie_2025-08-01.png,45.120234986444565,38.0648896967187,7.055345289725864,FR
FRD_Normandie,FRD,1,2025,4,output/FRD_Normandie/2025/FRD_Normandie_2025-04-01.png,76.2150641504805,13.582575295835873,62.63248885464463,FR
FRD_Normandie,FRD,1,2025,6,output/FRD_Normandie/2025/FRD_Normandie_2025-06-01.png,76.40787975666134,9.152799659601872,67.25508009705948,FR
FRD_Normandie,FRD,1,2025,11,output/FRD_Normandie/2025/FRD_Normandie_2025-11-01.png,53.658126734182815,12.187334778741839,41.47079195544097,FR
FRD_Normandie,FRD,1,2025,3,output/FRD_Normandie/2025/FRD_Normandie_2025-03-01.png,53.04499158587961,27.00261815226683,26.042373433612777,FR
FRD_Normandie,FRD,1,2025,1,output/FRD_Normandie/2025/FRD_Normandie_2025-01-01.png,41.55700537309506,16.746214784027888,24.81079058906717,FR
FRD_Normandie,FRD,1,2025,9,output/FRD_Normandie/2025/FRD_Normandie_2025-09-01.png,59.44791626730054,26.86769159989265,32.58022466740789,FR
FRD_Normandie,FRD,1,2025,5,output/FRD_Normandie/2025/FRD_Normandie_2025-05-01.png,77.43980741439256,10.81684050737721,66.62296690701535,FR
FRD_Normandie,FRD,1,2025,7,output/FRD_Normandie/2025/FRD_Normandie_2025-07-01.png,49.25844574521507,33.64728160661783,15.611164138597239,FR
FRD_Normandie,FRD,1,2024,4,output/FRD_Normandie/2024/FRD_Normandie_2024-04-01.png,84.05164150031825,5.853189058198299,78.19845244211996,FR
FRD_Normandie,FRD,1,2024,8,output/FRD_Normandie/2024/FRD_Normandie_2024-08-01.png,53.37992210500491,30.753189401373895,22.626732703631014,FR
FRD_Normandie,FRD,1,2024,6,output/FRD_Normandie/2024/FRD_Normandie_2024-06-01.png,79.26978586449097,7.778689066223029,71.49109679826795,FR
FRD_Normandie,FRD,1,2024,2,output/FRD_Normandie/2024/FRD_Normandie_2024-02-01.png,54.597534933658736,13.860550618643698,40.736984315015036,FR
FRD_Normandie,FRD,1,2024,10,output/FRD_Normandie/2024/FRD_Normandie_2024-10-01.png,58.63357722731458,14.014464107513707,44.61911311980087,FR
FRD_Normandie,FRD,1,2024,12,output/FRD_Normandie/2024/FRD_Normandie_2024-12-01.png,36.57069234128118,13.62310715306117,22.94758518822001,FR
FRD_Normandie,FRD,1,2024,5,output/FRD_Normandie/2024/FRD_Normandie_2024-05-01.png,83.90971724239027,6.570340759170705,77.33937648321957,FR
FRD_Normandie,FRD,1,2024,9,output/FRD_Normandie/2024/FRD_Normandie_2024-09-01.png,60.701560243611475,21.092719909587494,39.60884033402398,FR
FRD_Normandie,FRD,1,2024,7,output/FRD_Normandie/2024/FRD_Normandie_2024-07-01.png,64.47605791511796,22.69093793253604,41.78511998258192,FR
FRD_Normandie,FRD,1,2024,3,output/FRD_Normandie/2024/FRD_Normandie_2024-03-01.png,64.35119901092955,9.825925179822015,54.52527383110753,FR
FRD_Normandie,FRD,1,2024,11,output/FRD_Normandie/2024/FRD_Normandie_2024-11-01.png,48.13951414631661,16.73524328777128,31.404270858545328,FR
FRD_Normandie,FRD,1,2024,1,output/FRD_Normandie/2024/FRD_Normandie_2024-01-01.png,26.94061646388081,10.676512057658543,16.264104406222266,FR
FRD_Normandie,FRD,1,2023,12,output/FRD_Normandie/2023/FRD_Normandie_2023-12-01.png,34.66861631584317,14.966391222044638,19.70222509379853,FR
FRD_Normandie,FRD,1,2023,10,output/FRD_Normandie/2023/FRD_Normandie_2023-10-01.png,61.44071207608358,20.791118982178933,40.64959309390464,FR
FRD_Normandie,FRD,1,2023,2,output/FRD_Normandie/2023/FRD_Normandie_2023-02-01.png,63.70504962222708,11.305204488041982,52.3998451341851,FR
FRD_Normandie,FRD,1,2023,6,output/FRD_Normandie/2023/FRD_Normandie_2023-06-01.png,70.93280893018691,11.747320483922904,59.185488446264,FR
FRD_Normandie,FRD,1,2023,8,output/FRD_Normandie/2023/FRD_Normandie_2023-08-01.png,59.6037080137111,23.644920480363517,35.95878753334758,FR
FRD_Normandie,FRD,1,2023,4,output/FRD_Normandie/2023/FRD_Normandie_2023-04-01.png,74.67527447038812,9.700788619143344,64.97448585124478,FR
FRD_Normandie,FRD,1,2023,1,output/FRD_Normandie/2023/FRD_Normandie_2023-01-01.png,50.14007986874284,8.384283193511438,41.7557966752314,FR
FRD_Normandie,FRD,1,2023,11,output/FRD_Normandie/2023/FRD_Normandie_2023-11-01.png,48.35732929967442,12.924617924571809,35.43271137510261,FR
FRD_Normandie,FRD,1,2023,3,output/FRD_Normandie/2023/FRD_Normandie_2023-03-01.png,66.09300427585472,12.058886148714583,54.03411812714014,FR
FRD_Normandie,FRD,1,2023,7,output/FRD_Normandie/2023/FRD_Normandie_2023-07-01.png,60.069998086612664,27.60380126283564,32.466196823777025,FR
FRD_Normandie,FRD,1,2023,9,output/FRD_Normandie/2023/FRD_Normandie_2023-09-01.png,62.087389439931265,21.061069814895788,41.02631962503548,FR
FRD_Normandie,FRD,1,2023,5,output/FRD_Normandie/2023/FRD_Normandie_2023-05-01.png,80.22857538259275,8.833558218296025,71.39501716429673,FR
FRD_Normandie,FRD,1,2026,5,output/FRD_Normandie/2026/FRD_Normandie_2026-05-01.png,72.11035339305634,8.031555826442954,64.07879756661339,FR
FRD_Normandie,FRD,1,2026,7,output/FRD_Normandie/2026/FRD_Normandie_2026-07-01.png,23.789919155444647,59.89128726458671,-36.10136810914206,FR
FRD_Normandie,FRD,1,2026,3,output/FRD_Normandie/2026/FRD_Normandie_2026-03-01.png,72.41050174224041,9.36133184600818,63.04916989623223,FR
FRD_Normandie,FRD,1,2026,1,output/FRD_Normandie/2026/FRD_Normandie_2026-01-01.png,37.91788422737076,7.469300076532387,30.448584150838375,FR
FRD_Normandie,FRD,1,2026,4,output/FRD_Normandie/2026/FRD_Normandie_2026-04-01.png,78.1290369569634,11.143055379862078,66.98598157710133,FR
FRD_Normandie,FRD,1,2026,6,output/FRD_Normandie/2026/FRD_Normandie_2026-06-01.png,56.929286888922114,22.69129186456141,34.2379950243607,FR
FRD_Normandie,FRD,1,2026,2,output/FRD_Normandie/2026/FRD_Normandie_2026-02-01.png,59.382133262938865,9.90737433811084,49.47475892482802,FR
FRD_Normandie,FRD,1,2021,1,output/FRD_Normandie/2021/FRD_Normandie_2021-01-01.png,42.95899114451111,10.956659061382448,32.002332083128664,FR
FRD_Normandie,FRD,1,2021,11,output/FRD_Normandie/2021/FRD_Normandie_2021-11-01.png,44.29348777328754,20.849393817993708,23.44409395529383,FR
FRD_Normandie,FRD,1,2021,3,output/FRD_Normandie/2021/FRD_Normandie_2021-03-01.png,67.2421267470009,18.05601912062027,49.186107626380625,FR
FRD_Normandie,FRD,1,2021,7,output/FRD_Normandie/2021/FRD_Normandie_2021-07-01.png,66.28421105107546,19.64904072922219,46.635170321853266,FR
FRD_Normandie,FRD,1,2021,9,output/FRD_Normandie/2021/FRD_Normandie_2021-09-01.png,58.02185628397014,24.136538306195693,33.88531797777445,FR
FRD_Normandie,FRD,1,2021,5,output/FRD_Normandie/2021/FRD_Normandie_2021-05-01.png,78.69508957013458,9.920579960191052,68.77450960994354,FR
FRD_Normandie,FRD,1,2021,12,output/FRD_Normandie/2021/FRD_Normandie_2021-12-01.png,19.53374027599186,21.392078905491754,-1.8583386294998938,FR
FRD_Normandie,FRD,1,2021,10,output/FRD_Normandie/2021/FRD_Normandie_2021-10-01.png,58.33006233219764,15.658805796737372,42.67125653546027,FR
FRD_Normandie,FRD,1,2021,2,output/FRD_Normandie/2021/FRD_Normandie_2021-02-01.png,29.26456630940531,20.0818691790705,9.182697130334809,FR
FRD_Normandie,FRD,1,2021,6,output/FRD_Normandie/2021/FRD_Normandie_2021-06-01.png,78.97054819749845,5.817091334219503,73.15345686327895,FR
FRD_Normandie,FRD,1,2021,8,output/FRD_Normandie/2021/FRD_Normandie_2021-08-01.png,62.35902862009342,20.066754410866515,42.2922742092269,FR
FRD_Normandie,FRD,1,2021,4,output/FRD_Normandie/2021/FRD_Normandie_2021-04-01.png,69.97826511954185,15.862246090979832,54.116019028562015,FR
FRD_Normandie,FRD,1,2020,7,output/FRD_Normandie/2020/FRD_Normandie_2020-07-01.png,40.58442678565268,41.18970678994599,-0.6052800042933058,FR
FRD_Normandie,FRD,1,2020,5,output/FRD_Normandie/2020/FRD_Normandie_2020-05-01.png,69.72833316083428,12.90446235879036,56.82387080204392,FR
FRD_Normandie,FRD,1,2020,9,output/FRD_Normandie/2020/FRD_Normandie_2020-09-01.png,57.66871636612085,27.315891696030338,30.35282467009051,FR
FRD_Normandie,FRD,1,2020,1,output/FRD_Normandie/2020/FRD_Normandie_2020-01-01.png,31.589379133353074,20.327312210048365,11.262066923304708,FR
FRD_Normandie,FRD,1,2020,3,output/FRD_Normandie/2020/FRD_Normandie_2020-03-01.png,68.47522338627138,14.262221557781432,54.21300182848995,FR
FRD_Normandie,FRD,1,2020,11,output/FRD_Normandie/2020/FRD_Normandie_2020-11-01.png,49.816746109006004,15.24284534147278,34.573900767533225,FR
FRD_Normandie,FRD,1,2020,6,output/FRD_Normandie/2020/FRD_Normandie_2020-06-01.png,70.72311014456066,10.732929069771902,59.990181074788765,FR
FRD_Normandie,FRD,1,2020,4,output/FRD_Normandie/2020/FRD_Normandie_2020-04-01.png,76.25982290029516,15.090658182236362,61.1691647180588,FR
FRD_Normandie,FRD,1,2020,8,output/FRD_Normandie/2020/FRD_Normandie_2020-08-01.png,30.371989568952294,53.46678938487498,-23.094799815922684,FR
FRD_Normandie,FRD,1,2020,12,output/FRD_Normandie/2020/FRD_Normandie_2020-12-01.png,39.75536646683427,11.538709469477213,28.216656997357056,FR
FRD_Normandie,FRD,1,2020,2,output/FRD_Normandie/2020/FRD_Normandie_2020-02-01.png,47.41927892535192,15.218738143379262,32.200540781972656,FR
FRD_Normandie,FRD,1,2020,10,output/FRD_Normandie/2020/FRD_Normandie_2020-10-01.png,56.73796586658951,13.975465813402321,42.76250005318719,FR
AT_Österreich,AT,0,2022,7,output/AT_Österreich/2022/AT_Österreich_2022-07-01.png,53.24850977368144,11.354484143012767,41.89402563066867,AT
AT_Österreich,AT,0,2025,7,output/AT_Österreich/2025/AT_Österreich_2025-07-01.png,61.77565585226781,7.841779119098566,53.93387673316924,AT
AT_Österreich,AT,0,2024,7,output/AT_Österreich/2024/AT_Österreich_2024-07-01.png,60.94687722510426,9.478308412165598,51.46856881293866,AT
AT_Österreich,AT,0,2023,7,output/AT_Österreich/2023/AT_Österreich_2023-07-01.png,58.79690706537672,11.569187921430666,47.227719143946054,AT
AT_Österreich,AT,0,2026,7,output/AT_Österreich/2026/AT_Österreich_2026-07-01.png,56.62022232373991,15.73651083701335,40.88371148672656,AT
FR1_Ile-de-France,FR1,1,2022,12,output/FR1_Ile-de-France/2022/FR1_Ile-de-France_2022-12-01.png,17.438695150503545,22.767091982479528,-5.328396831975983,FR
FR1_Ile-de-France,FR1,1,2022,2,output/FR1_Ile-de-France/2022/FR1_Ile-de-France_2022-02-01.png,14.798698124679598,48.78664504822423,-33.987946923544634,FR
FR1_Ile-de-France,FR1,1,2022,10,output/FR1_Ile-de-France/2022/FR1_Ile-de-France_2022-10-01.png,33.79481157381466,36.57321856483745,-2.778406991022784,FR
FR1_Ile-de-France,FR1,1,2022,6,output/FR1_Ile-de-France/2022/FR1_Ile-de-France_2022-06-01.png,47.084490754539274,23.96577212413119,23.118718630408086,FR
FR1_Ile-de-France,FR1,1,2022,4,output/FR1_Ile-de-France/2022/FR1_Ile-de-France_2022-04-01.png,68.59368899194955,17.87194978376139,50.721739208188154,FR
FR1_Ile-de-France,FR1,1,2022,8,output/FR1_Ile-de-France/2022/FR1_Ile-de-France_2022-08-01.png,16.16554799175002,58.4842451626748,-42.31869717092478,FR
FR1_Ile-de-France,FR1,1,2022,1,output/FR1_Ile-de-France/2022/FR1_Ile-de-France_2022-01-01.png,9.683293792248358,41.725580896291085,-32.04228710404273,FR
FR1_Ile-de-France,FR1,1,2022,3,output/FR1_Ile-de-France/2022/FR1_Ile-de-France_2022-03-01.png,31.87895659223405,50.78029065677941,-18.901334064545356,FR
FR1_Ile-de-France,FR1,1,2022,11,output/FR1_Ile-de-France/2022/FR1_Ile-de-France_2022-11-01.png,37.754325404673295,26.45733326141805,11.296992143255245,FR
FR1_Ile-de-France,FR1,1,2022,7,output/FR1_Ile-de-France/2022/FR1_Ile-de-France_2022-07-01.png,22.633495869049465,53.83439239857414,-31.200896529524673,FR
FR1_Ile-de-France,FR1,1,2022,5,output/FR1_Ile-de-France/2022/FR1_Ile-de-France_2022-05-01.png,62.6611503194669,14.530822142546072,48.13032817692083,FR
FR1_Ile-de-France,FR1,1,2022,9,output/FR1_Ile-de-France/2022/FR1_Ile-de-France_2022-09-01.png,20.913160624232525,49.076050024439965,-28.16288940020744,FR
FR1_Ile-de-France,FR1,1,2025,8,output/FR1_Ile-de-France/2025/FR1_Ile-de-France_2025-08-01.png,29.140190035646587,42.75235756267958,-13.612167527032991,FR
FR1_Ile-de-France,FR1,1,2025,4,output/FR1_Ile-de-France/2025/FR1_Ile-de-France_2025-04-01.png,59.953027575436046,23.982462833367112,35.97056474206893,FR
FR1_Ile-de-France,FR1,1,2025,6,output/FR1_Ile-de-France/2025/FR1_Ile-de-France_2025-06-01.png,47.508911646538465,24.894490873758627,22.614420772779837,FR
FR1_Ile-de-France,FR1,1,2025,10,output/FR1_Ile-de-France/2025/FR1_Ile-de-France_2025-10-01.png,36.702413028446074,31.117813967905768,5.584599060540306,FR
FR1_Ile-de-France,FR1,1,2025,2,output/FR1_Ile-de-France/2025/FR1_Ile-de-France_2025-02-01.png,14.638050048283837,54.020374587202994,-39.38232453891916,FR
FR1_Ile-de-France,FR1,1,2025,12,output/FR1_Ile-de-France/2025/FR1_Ile-de-France_2025-12-01.png,23.90169172260041,29.099059359315206,-5.1973676367147945,FR
FR1_Ile-de-France,FR1,1,2025,9,output/FR1_Ile-de-France/2025/FR1_Ile-de-France_2025-09-01.png,35.08810595092378,34.3937015349457,0.6944044159780844,FR
FR1_Ile-de-France,FR1,1,2025,5,output/FR1_Ile-de-France/2025/FR1_Ile-de-France_2025-05-01.png,64.7018324014354,12.300456610116955,52.40137579131844,FR
FR1_Ile-de-France,FR1,1,2025,7,output/FR1_Ile-de-France/2025/FR1_Ile-de-France_2025-07-01.png,26.344794287008668,48.719286114522106,-22.374491827513438,FR
FR1_Ile-de-France,FR1,1,2025,11,output/FR1_Ile-de-France/2025/FR1_Ile-de-France_2025-11-01.png,25.23291008645175,28.906643297969534,-3.673733211517785,FR
FR1_Ile-de-France,FR1,1,2025,3,output/FR1_Ile-de-France/2025/FR1_Ile-de-France_2025-03-01.png,21.489884238009513,55.35533327769764,-33.86544903968813,FR
FR1_Ile-de-France,FR1,1,2025,1,output/FR1_Ile-de-France/2025/FR1_Ile-de-France_2025-01-01.png,15.196819180295131,49.332808760368515,-34.135989580073385,FR
FR1_Ile-de-France,FR1,1,2024,2,output/FR1_Ile-de-France/2024/FR1_Ile-de-France_2024-02-01.png,23.724593823106474,25.220526688558365,-1.4959328654518913,FR
FR1_Ile-de-France,FR1,1,2024,10,output/FR1_Ile-de-France/2024/FR1_Ile-de-France_2024-10-01.png,32.819569714275495,28.479156358607206,4.340413355668289,FR
FR1_Ile-de-France,FR1,1,2024,12,output/FR1_Ile-de-France/2024/FR1_Ile-de-France_2024-12-01.png,13.955039510914105,29.624810820187953,-15.669771309273848,FR
FR1_Ile-de-France,FR1,1,2024,4,output/FR1_Ile-de-France/2024/FR1_Ile-de-France_2024-04-01.png,66.75435462401154,13.239511434741505,53.51484318927004,FR
FR1_Ile-de-France,FR1,1,2024,8,output/FR1_Ile-de-France/2024/FR1_Ile-de-France_2024-08-01.png,36.19469712323704,36.910907378485675,-0.7162102552486331,FR
FR1_Ile-de-France,FR1,1,2024,6,output/FR1_Ile-de-France/2024/FR1_Ile-de-France_2024-06-01.png,63.29198090320416,12.193975044776835,51.09800585842733,FR
FR1_Ile-de-France,FR1,1,2024,3,output/FR1_Ile-de-France/2024/FR1_Ile-de-France_2024-03-01.png,38.561541674124456,21.984965097547878,16.576576576576578,FR
FR1_Ile-de-France,FR1,1,2024,11,output/FR1_Ile-de-France/2024/FR1_Ile-de-France_2024-11-01.png,18.081937243384182,35.40983606557377,-17.32789882218959,FR
FR1_Ile-de-France,FR1,1,2024,1,output/FR1_Ile-de-France/2024/FR1_Ile-de-France_2024-01-01.png,10.563004439514962,29.436160728927213,-18.87315628941225,FR
FR1_Ile-de-France,FR1,1,2024,5,output/FR1_Ile-de-France/2024/FR1_Ile-de-France_2024-05-01.png,69.68533552855683,9.44241796298399,60.242917565572846,FR
FR1_Ile-de-France,FR1,1,2024,9,output/FR1_Ile-de-France/2024/FR1_Ile-de-France_2024-09-01.png,41.18927688458246,30.46168803476155,10.727588849820911,FR
FR1_Ile-de-France,FR1,1,2024,7,output/FR1_Ile-de-France/2024/FR1_Ile-de-France_2024-07-01.png,40.09900399238523,36.830201290214774,3.268802702170454,FR
FR1_Ile-de-France,FR1,1,2023,6,output/FR1_Ile-de-France/2023/FR1_Ile-de-France_2023-06-01.png,50.13322762550817,21.911920742975,28.22130688253317,FR
FR1_Ile-de-France,FR1,1,2023,8,output/FR1_Ile-de-France/2023/FR1_Ile-de-France_2023-08-01.png,41.11955225194327,31.87746417742381,9.242088074519458,FR
FR1_Ile-de-France,FR1,1,2023,4,output/FR1_Ile-de-France/2023/FR1_Ile-de-France_2023-04-01.png,48.659072348694835,23.53344420799132,25.125628140703515,FR
FR1_Ile-de-France,FR1,1,2023,12,output/FR1_Ile-de-France/2023/FR1_Ile-de-France_2023-12-01.png,16.478071102600133,30.02182320098484,-13.543752098384708,FR
FR1_Ile-de-France,FR1,1,2023,10,output/FR1_Ile-de-France/2023/FR1_Ile-de-France_2023-10-01.png,41.467470999892704,34.8203960466863,6.647074953206406,FR
FR1_Ile-de-France,FR1,1,2023,2,output/FR1_Ile-de-France/2023/FR1_Ile-de-France_2023-02-01.png,33.46964079209337,39.34715483017203,-5.877514038078658,FR
FR1_Ile-de-France,FR1,1,2023,7,output/FR1_Ile-de-France/2023/FR1_Ile-de-France_2023-07-01.png,30.19409859683716,45.87857162479359,-15.684473027956425,FR
FR1_Ile-de-France,FR1,1,2023,9,output/FR1_Ile-de-France/2023/FR1_Ile-de-France_2023-09-01.png,31.442315716687133,38.29534209992966,-6.853026383242529,FR
FR1_Ile-de-France,FR1,1,2023,5,output/FR1_Ile-de-France/2023/FR1_Ile-de-France_2023-05-01.png,70.24583030317481,10.949105258765602,59.296725044409214,FR
FR1_Ile-de-France,FR1,1,2023,1,output/FR1_Ile-de-France/2023/FR1_Ile-de-France_2023-01-01.png,19.626664977049366,21.309594210244715,-1.682929233195349,FR
FR1_Ile-de-France,FR1,1,2023,11,output/FR1_Ile-de-France/2023/FR1_Ile-de-France_2023-11-01.png,27.52771865815344,20.171480693219824,7.356237964933616,FR
FR1_Ile-de-France,FR1,1,2023,3,output/FR1_Ile-de-France/2023/FR1_Ile-de-France_2023-03-01.png,24.27041961664652,23.618237659422256,0.6521819572242649,FR
FR1_Ile-de-France,FR1,1,2026,3,output/FR1_Ile-de-France/2026/FR1_Ile-de-France_2026-03-01.png,47.193576461331205,29.92405727297655,17.269519188354653,FR
FR1_Ile-de-France,FR1,1,2026,1,output/FR1_Ile-de-France/2026/FR1_Ile-de-France_2026-01-01.png,22.383135230510618,34.80549362772565,-12.422358397215035,FR
FR1_Ile-de-France,FR1,1,2026,5,output/FR1_Ile-de-France/2026/FR1_Ile-de-France_2026-05-01.png,59.98611094552868,10.489812706398503,49.49629823913018,FR
FR1_Ile-de-France,FR1,1,2026,7,output/FR1_Ile-de-France/2026/FR1_Ile-de-France_2026-07-01.png,16.40875546918776,62.995207382062254,-46.586451912874494,FR
FR1_Ile-de-France,FR1,1,2026,2,output/FR1_Ile-de-France/2026/FR1_Ile-de-France_2026-02-01.png,32.21421098595831,28.978155057660036,3.236055928298274,FR
FR1_Ile-de-France,FR1,1,2026,4,output/FR1_Ile-de-France/2026/FR1_Ile-de-France_2026-04-01.png,62.45305738027397,15.462451865186758,46.99060551508721,FR
FR1_Ile-de-France,FR1,1,2026,6,output/FR1_Ile-de-France/2026/FR1_Ile-de-France_2026-06-01.png,34.11580967822697,38.259576294424114,-4.143766616197148,FR
FR1_Ile-de-France,FR1,1,2021,7,output/FR1_Ile-de-France/2021/FR1_Ile-de-France_2021-07-01.png,38.818417005448325,36.76456562429213,2.0538513811561927,FR
FR1_Ile-de-France,FR1,1,2021,9,output/FR1_Ile-de-France/2021/FR1_Ile-de-France_2021-09-01.png,28.065725628584033,41.55479917500209,-13.489073546418055,FR
FR1_Ile-de-France,FR1,1,2021,5,output/FR1_Ile-de-France/2021/FR1_Ile-de-France_2021-05-01.png,58.527678174404194,13.539330980696393,44.9883471937078,FR
FR1_Ile-de-France,FR1,1,2021,1,output/FR1_Ile-de-France/2021/FR1_Ile-de-France_2021-01-01.png,20.202007782770938,33.464378146766094,-13.262370363995156,FR
FR1_Ile-de-France,FR1,1,2021,11,output/FR1_Ile-de-France/2021/FR1_Ile-de-France_2021-11-01.png,24.294633227506797,37.26390302441099,-12.969269796904197,FR
FR1_Ile-de-France,FR1,1,2021,3,output/FR1_Ile-de-France/2021/FR1_Ile-de-France_2021-03-01.png,29.5997806363929,47.39475911729992,-17.79497848090702,FR
FR1_Ile-de-France,FR1,1,2021,6,output/FR1_Ile-de-France/2021/FR1_Ile-de-France_2021-06-01.png,56.199406287628605,10.992620322130689,45.206785965497915,FR
FR1_Ile-de-France,FR1,1,2021,8,output/FR1_Ile-de-France/2021/FR1_Ile-de-France_2021-08-01.png,37.94290129927698,35.410838689581226,2.532062609695757,FR
FR1_Ile-de-France,FR1,1,2021,4,output/FR1_Ile-de-France/2021/FR1_Ile-de-France_2021-04-01.png,54.118432503964044,25.357360006676284,28.76107249728776,FR
FR1_Ile-de-France,FR1,1,2021,12,output/FR1_Ile-de-France/2021/FR1_Ile-de-France_2021-12-01.png,8.238653298203364,44.97162579429893,-36.73297249609557,FR
FR1_Ile-de-France,FR1,1,2021,10,output/FR1_Ile-de-France/2021/FR1_Ile-de-France_2021-10-01.png,37.87233915723338,33.103536663149676,4.768802494083701,FR
FR1_Ile-de-France,FR1,1,2021,2,output/FR1_Ile-de-France/2021/FR1_Ile-de-France_2021-02-01.png,15.464538203841247,58.459507147200135,-42.994968943358884,FR
FR1_Ile-de-France,FR1,1,2020,1,output/FR1_Ile-de-France/2020/FR1_Ile-de-France_2020-01-01.png,11.079352400481646,44.07599041476413,-32.99663801428248,FR
FR1_Ile-de-France,FR1,1,2020,3,output/FR1_Ile-de-France/2020/FR1_Ile-de-France_2020-03-01.png,36.15088401149274,41.95358790638897,-5.802703894896226,FR
FR1_Ile-de-France,FR1,1,2020,11,output/FR1_Ile-de-France/2020/FR1_Ile-de-France_2020-11-01.png,23.010229020374588,35.08059228173917,-12.070363261364584,FR
FR1_Ile-de-France,FR1,1,2020,7,output/FR1_Ile-de-France/2020/FR1_Ile-de-France_2020-07-01.png,18.388851628288247,58.03413071018705,-39.645279081898806,FR
FR1_Ile-de-France,FR1,1,2020,5,output/FR1_Ile-de-France/2020/FR1_Ile-de-France_2020-05-01.png,49.0399861705552,18.711775295365943,30.32821087518926,FR
FR1_Ile-de-France,FR1,1,2020,9,output/FR1_Ile-de-France/2020/FR1_Ile-de-France_2020-09-01.png,20.293518043848877,56.13622003123547,-35.84270198738659,FR
FR1_Ile-de-France,FR1,1,2020,12,output/FR1_Ile-de-France/2020/FR1_Ile-de-France_2020-12-01.png,15.804732254047323,31.631714404317144,-15.82698215026982,FR
FR1_Ile-de-France,FR1,1,2020,2,output/FR1_Ile-de-France/2020/FR1_Ile-de-France_2020-02-01.png,17.93287067609591,42.98750105058412,-25.054630374488212,FR
FR1_Ile-de-France,FR1,1,2020,10,output/FR1_Ile-de-France/2020/FR1_Ile-de-France_2020-10-01.png,34.42713288312876,20.961025593037945,13.466107290090818,FR
FR1_Ile-de-France,FR1,1,2020,6,output/FR1_Ile-de-France/2020/FR1_Ile-de-France_2020-06-01.png,35.925857485186995,33.45116179258217,2.4746956926048256,FR
FR1_Ile-de-France,FR1,1,2020,4,output/FR1_Ile-de-France/2020/FR1_Ile-de-France_2020-04-01.png,53.591184921136396,29.806626211566662,23.784558709569733,FR
FR1_Ile-de-France,FR1,1,2020,8,output/FR1_Ile-de-France/2020/FR1_Ile-de-France_2020-08-01.png,18.284640252612586,61.31148033982407,-43.02684008721148,FR
IT_Italia 14.04.52,IT,0,2022,7,output/IT_Italia 14.04.52/2022/IT_Italia_2022-07-01.png,37.24645817903816,45.50433619227369,-8.257878013235533,IT
IT_Italia 14.04.52,IT,0,2025,7,output/IT_Italia 14.04.52/2025/IT_Italia_2025-07-01.png,45.01023817221683,36.53051693788842,8.479721234328409,IT
IT_Italia 14.04.52,IT,0,2024,7,output/IT_Italia 14.04.52/2024/IT_Italia_2024-07-01.png,47.10995089664401,36.337678163940694,10.772272732703314,IT
IT_Italia 14.04.52,IT,0,2023,7,output/IT_Italia 14.04.52/2023/IT_Italia_2023-07-01.png,51.19506784110411,30.96891089464148,20.226156946462634,IT
IT_Italia 14.04.52,IT,0,2026,7,output/IT_Italia 14.04.52/2026/IT_Italia_2026-07-01.png,43.06391224775416,38.63802198590892,4.42589026184524,IT
HU_Magyarország 14.04.52,HU,0,2022,7,output/HU_Magyarország 14.04.52/2022/HU_Magyarország_2022-07-01.png,28.172573025010454,55.74635431032182,-27.573781285311366,HU
HU_Magyarország 14.04.52,HU,0,2025,7,output/HU_Magyarország 14.04.52/2025/HU_Magyarország_2025-07-01.png,30.40536332333864,50.51560150543183,-20.11023818209319,HU
HU_Magyarország 14.04.52,HU,0,2024,7,output/HU_Magyarország 14.04.52/2024/HU_Magyarország_2024-07-01.png,45.82847686243805,34.84870054184869,10.979776320589359,HU
HU_Magyarország 14.04.52,HU,0,2023,7,output/HU_Magyarország 14.04.52/2023/HU_Magyarország_2023-07-01.png,49.38094200029362,32.075345787157936,17.305596213135686,HU
HU_Magyarország 14.04.52,HU,0,2026,7,output/HU_Magyarország 14.04.52/2026/HU_Magyarország_2026-07-01.png,28.7902982758388,57.70789569566958,-28.917597419830777,HU
XK_Kosovo -  14.04.42,XK,0,2022,7,output/XK_Kosovo -  14.04.42/2022/XK_Kosovo - _2022-07-01.png,52.24643047829007,22.18287662975147,30.063553848538604,XK
XK_Kosovo -  14.04.42,XK,0,2025,7,output/XK_Kosovo -  14.04.42/2025/XK_Kosovo - _2025-07-01.png,40.32999776097552,37.363462565233114,2.9665351957424093,XK
XK_Kosovo -  14.04.42,XK,0,2024,7,output/XK_Kosovo -  14.04.42/2024/XK_Kosovo - _2024-07-01.png,49.37836096747634,22.886789007892354,26.491571959583986,XK
XK_Kosovo -  14.04.42,XK,0,2023,7,output/XK_Kosovo -  14.04.42/2023/XK_Kosovo - _2023-07-01.png,67.864142884208,11.010144503194915,56.85399838101308,XK
XK_Kosovo -  14.04.42,XK,0,2026,7,output/XK_Kosovo -  14.04.42/2026/XK_Kosovo - _2026-07-01.png,59.19467925456883,23.5822147360249,35.61246451854393,XK
SE_Sverige 14.04.42,SE,0,2022,7,output/SE_Sverige 14.04.42/2022/SE_Sverige_2022-07-01.png,31.000627938156576,1.1209544659979973,29.87967347215858,SE
SE_Sverige 14.04.42,SE,0,2025,7,output/SE_Sverige 14.04.42/2025/SE_Sverige_2025-07-01.png,24.77955639964729,0.9267109814827376,23.852845418164552,SE
SE_Sverige 14.04.42,SE,0,2024,7,output/SE_Sverige 14.04.42/2024/SE_Sverige_2024-07-01.png,38.75689965469435,1.323528145424485,37.43337150926987,SE
SE_Sverige 14.04.42,SE,0,2023,7,output/SE_Sverige 14.04.42/2023/SE_Sverige_2023-07-01.png,36.857823018967736,1.1322622206674118,35.72556079830032,SE
SE_Sverige 14.04.42,SE,0,2026,7,output/SE_Sverige 14.04.42/2026/SE_Sverige_2026-07-01.png,34.92440826378438,0.6028526474209879,34.32155561636339,SE
SI_Slovenija 14.04.42,SI,0,2022,7,output/SI_Slovenija 14.04.42/2022/SI_Slovenija_2022-07-01.png,47.12016852469881,6.611754124357973,40.50841440034084,SI
SI_Slovenija 14.04.42,SI,0,2025,7,output/SI_Slovenija 14.04.42/2025/SI_Slovenija_2025-07-01.png,50.95772380817119,4.559484921649387,46.3982388865218,SI
SI_Slovenija 14.04.42,SI,0,2024,7,output/SI_Slovenija 14.04.42/2024/SI_Slovenija_2024-07-01.png,50.810756801507324,3.189738026587494,47.62101877491983,SI
SI_Slovenija 14.04.42,SI,0,2023,7,output/SI_Slovenija 14.04.42/2023/SI_Slovenija_2023-07-01.png,53.636053745419424,2.400363605374542,51.23569014004488,SI
SI_Slovenija 14.04.42,SI,0,2026,7,output/SI_Slovenija 14.04.42/2026/SI_Slovenija_2026-07-01.png,52.826250907141876,6.858704055932115,45.96754685120976,SI
ES_España,ES,0,2022,7,output/ES_España/2022/ES_España_2022-07-01.png,12.738056148415696,75.40469545230668,-62.66663930389099,ES
ES_España,ES,0,2025,7,output/ES_España/2025/ES_España_2025-07-01.png,16.321488084977137,71.86240467571272,-55.54091659073559,ES
ES_España,ES,0,2024,7,output/ES_España/2024/ES_España_2024-07-01.png,15.990539697138916,71.74063002989193,-55.75009033275302,ES
ES_España,ES,0,2023,7,output/ES_España/2023/ES_España_2023-07-01.png,17.030935458691097,71.06897826712132,-54.03804280843023,ES
ES_España,ES,0,2026,7,output/ES_España/2026/ES_España_2026-07-01.png,13.719679868664068,75.15370408372665,-61.434024215062585,ES
